CTY_CODE,CTY_NAME,I_ENDUSE,I_ENDUSE_LDESC,GEN_VAL_MO,CON_VAL_MO,AIR_WGT_MO,CNT_WGT_MO,VES_WGT_MO,I_ENDUSE,time
6040,PAPUA NEW GUINEA,00010,COCOA BEANS,1825500,1825500,0,731520,731520,00010,2020-01
2489,GRENADA,00010,COCOA BEANS,4172,4172,1090,0,0,00010,2020-01
3010,COLOMBIA,00010,COCOA BEANS,254616,254616,0,75950,75950,00010,2020-01
3070,VENEZUELA,00010,COCOA BEANS,281799,281799,0,113401,113401,00010,2020-01
3310,ECUADOR,00010,COCOA BEANS,9281115,9281115,0,3359617,3359617,00010,2020-01
3330,PERU,00010,COCOA BEANS,2777624,2777624,0,973066,973066,00010,2020-01
3510,BRAZIL,00010,COCOA BEANS,2900,2900,818,0,0,00010,2020-01
6863,FIJI,00010,COCOA BEANS,17850,17850,0,2550,2550,00010,2020-01
7480,COTE D'IVOIRE,00010,COCOA BEANS,64443127,64443127,0,7278695,30637115,00010,2020-01
7490,GHANA,00010,COCOA BEANS,21731362,21731362,0,11095280,11095280,00010,2020-01
7660,DEMOCRATIC REPUBLIC OF THE CONGO,00010,COCOA BEANS,1658440,1658440,0,634845,634845,00010,2020-01
-,TOTAL FOR ALL COUNTRIES,00010,COCOA BEANS,106641000,106641000,3346,25784531,49142951,00010,2020-01
1XXX,NORTH AMERICA,00010,COCOA BEANS,7584,7584,0,0,0,00010,2020-01
7XXX,AFRICA,00010,COCOA BEANS,88001727,88001727,0,19062591,42421011,00010,2020-01
0014,PACIFIC RIM COUNTRIES,00010,COCOA BEANS,1825500,1825500,0,731520,731520,00010,2020-01
0017,CAFTA-DR,00010,COCOA BEANS,4186113,4186113,1438,1465836,1465836,00010,2020-01
6XXX,AUSTRALIA AND OCEANIA,00010,COCOA BEANS,1843350,1843350,0,734070,734070,00010,2020-01
0020,USMCA (NAFTA),00010,COCOA BEANS,7584,7584,0,0,0,00010,2020-01
0021,TWENTY LATIN AMERICAN REPUBLICS,00010,COCOA BEANS,16791751,16791751,2256,5987870,5987870,00010,2020-01
0022,OECD,00010,COCOA BEANS,7584,7584,0,0,0,00010,2020-01
0024,LAFTA,00010,COCOA BEANS,12605638,12605638,818,4522034,4522034,00010,2020-01
0026,APEC,00010,COCOA BEANS,4610708,4610708,0,1704586,1704586,00010,2020-01
0028,CACM,00010,COCOA BEANS,11688,11688,1438,0,0,00010,2020-01
2010,MEXICO,00010,COCOA BEANS,7584,7584,0,0,0,00010,2020-01
2050,GUATEMALA,00010,COCOA BEANS,7838,7838,896,0,0,00010,2020-01
2230,COSTA RICA,00010,COCOA BEANS,3850,3850,542,0,0,00010,2020-01
2470,DOMINICAN REPUBLIC,00010,COCOA BEANS,4174425,4174425,0,1465836,1465836,00010,2020-01
7830,TANZANIA,00010,COCOA BEANS,43500,43500,0,15000,15000,00010,2020-01
7880,MADAGASCAR,00010,COCOA BEANS,125298,125298,0,38771,38771,00010,2020-01
2XXX,CENTRAL AMERICA,00010,COCOA BEANS,4190285,4190285,2528,1465836,1465836,00010,2020-01
3XXX,SOUTH AMERICA,00010,COCOA BEANS,12598054,12598054,818,4522034,4522034,00010,2020-01
6040,PAPUA NEW GUINEA,00010,COCOA BEANS,1282050,1282050,0,518160,518160,00010,2020-02
2489,GRENADA,00010,COCOA BEANS,0,0,0,0,0,00010,2020-02
3010,COLOMBIA,00010,COCOA BEANS,299339,299339,0,100914,100914,00010,2020-02
3070,VENEZUELA,00010,COCOA BEANS,0,0,0,0,0,00010,2020-02
3310,ECUADOR,00010,COCOA BEANS,10600558,10600558,0,3548682,3548682,00010,2020-02
3330,PERU,00010,COCOA BEANS,1266416,1266416,0,472581,472581,00010,2020-02
3510,BRAZIL,00010,COCOA BEANS,0,0,0,0,0,00010,2020-02
6863,FIJI,00010,COCOA BEANS,0,0,0,0,0,00010,2020-02
7420,CAMEROON,00010,COCOA BEANS,763898,763898,0,301694,301694,00010,2020-02
7480,COTE D'IVOIRE,00010,COCOA BEANS,123610861,123610861,0,13474803,51699380,00010,2020-02
7490,GHANA,00010,COCOA BEANS,28685170,28685170,0,16064660,16064660,00010,2020-02
7660,DEMOCRATIC REPUBLIC OF THE CONGO,00010,COCOA BEANS,893056,893056,0,330002,330002,00010,2020-02
-,TOTAL FOR ALL COUNTRIES,00010,COCOA BEANS,175663138,175663138,0,37673677,75898254,00010,2020-02
1XXX,NORTH AMERICA,00010,COCOA BEANS,0,0,0,0,0,00010,2020-02
7XXX,AFRICA,00010,COCOA BEANS,154144782,154144782,0,30210587,68435164,00010,2020-02
0014,PACIFIC RIM COUNTRIES,00010,COCOA BEANS,1282050,1282050,0,518160,518160,00010,2020-02
0017,CAFTA-DR,00010,COCOA BEANS,7733001,7733001,0,2697741,2697741,00010,2020-02
6XXX,AUSTRALIA AND OCEANIA,00010,COCOA BEANS,1282050,1282050,0,518160,518160,00010,2020-02
0020,USMCA (NAFTA),00010,COCOA BEANS,0,0,0,0,0,00010,2020-02
0021,TWENTY LATIN AMERICAN REPUBLICS,00010,COCOA BEANS,20236306,20236306,0,6944930,6944930,00010,2020-02
0022,OECD,00010,COCOA BEANS,0,0,0,0,0,00010,2020-02
0024,LAFTA,00010,COCOA BEANS,12166313,12166313,0,4122177,4122177,00010,2020-02
0026,APEC,00010,COCOA BEANS,2548466,2548466,0,990741,990741,00010,2020-02
0028,CACM,00010,COCOA BEANS,0,0,0,0,0,00010,2020-02
2010,MEXICO,00010,COCOA BEANS,0,0,0,0,0,00010,2020-02
2050,GUATEMALA,00010,COCOA BEANS,0,0,0,0,0,00010,2020-02
2230,COSTA RICA,00010,COCOA BEANS,0,0,0,0,0,00010,2020-02
2450,HAITI,00010,COCOA BEANS,336992,336992,0,125012,125012,00010,2020-02
2470,DOMINICAN REPUBLIC,00010,COCOA BEANS,7733001,7733001,0,2697741,2697741,00010,2020-02
7830,TANZANIA,00010,COCOA BEANS,127195,127195,0,26177,26177,00010,2020-02
7880,MADAGASCAR,00010,COCOA BEANS,64602,64602,0,13251,13251,00010,2020-02
2XXX,CENTRAL AMERICA,00010,COCOA BEANS,8069993,8069993,0,2822753,2822753,00010,2020-02
3XXX,SOUTH AMERICA,00010,COCOA BEANS,12166313,12166313,0,4122177,4122177,00010,2020-02
5330,INDIA,00010,COCOA BEANS,85680,85680,0,12374,12374,00010,2020-03
6040,PAPUA NEW GUINEA,00010,COCOA BEANS,909300,909300,0,350520,350520,00010,2020-03
2489,GRENADA,00010,COCOA BEANS,0,0,0,0,0,00010,2020-03
3010,COLOMBIA,00010,COCOA BEANS,0,0,0,0,0,00010,2020-03
3070,VENEZUELA,00010,COCOA BEANS,178092,178092,0,76311,76311,00010,2020-03
3310,ECUADOR,00010,COCOA BEANS,15701274,15701274,229,5565907,5691842,00010,2020-03
3330,PERU,00010,COCOA BEANS,2136859,2136859,0,658272,658272,00010,2020-03
3350,BOLIVIA,00010,COCOA BEANS,14443,14443,0,6524,6524,00010,2020-03
3510,BRAZIL,00010,COCOA BEANS,0,0,0,0,0,00010,2020-03
4279,FRANCE,00010,COCOA BEANS,39884,39884,0,4489,4489,00010,2020-03
6863,FIJI,00010,COCOA BEANS,0,0,0,0,0,00010,2020-03
7420,CAMEROON,00010,COCOA BEANS,0,0,0,0,0,00010,2020-03
7480,COTE D'IVOIRE,00010,COCOA BEANS,71797797,71797797,0,14592362,32716779,00010,2020-03
7490,GHANA,00010,COCOA BEANS,53592638,53592638,0,22605513,22605513,00010,2020-03
7660,DEMOCRATIC REPUBLIC OF THE CONGO,00010,COCOA BEANS,3625105,3625105,0,1270395,1270395,00010,2020-03
4419,SWITZERLAND,00010,COCOA BEANS,11519,11519,0,922,922,00010,2020-03
-,TOTAL FOR ALL COUNTRIES,00010,COCOA BEANS,154513526,154513526,621,47483660,65834012,00010,2020-03
0003,EUROPEAN UNION,00010,COCOA BEANS,39884,39884,0,4489,4489,00010,2020-03
1XXX,NORTH AMERICA,00010,COCOA BEANS,5940,5940,0,0,0,00010,2020-03
4XXX,EUROPE,00010,COCOA BEANS,51403,51403,0,5411,5411,00010,2020-03
7XXX,AFRICA,00010,COCOA BEANS,129243260,129243260,0,38694561,56818978,00010,2020-03
0014,PACIFIC RIM COUNTRIES,00010,COCOA BEANS,909300,909300,0,350520,350520,00010,2020-03
5XXX,ASIA,00010,COCOA BEANS,85680,85680,0,12374,12374,00010,2020-03
0017,CAFTA-DR,00010,COCOA BEANS,6119805,6119805,392,2087860,2187860,00010,2020-03
6XXX,AUSTRALIA AND OCEANIA,00010,COCOA BEANS,909300,909300,0,350520,350520,00010,2020-03
0020,USMCA (NAFTA),00010,COCOA BEANS,5940,5940,0,0,0,00010,2020-03
0021,TWENTY LATIN AMERICAN REPUBLICS,00010,COCOA BEANS,24223883,24223883,621,8420794,8646729,00010,2020-03
0022,OECD,00010,COCOA BEANS,57343,57343,0,5411,5411,00010,2020-03
0023,NATO,00010,COCOA BEANS,39884,39884,0,4489,4489,00010,2020-03
0024,LAFTA,00010,COCOA BEANS,18036608,18036608,229,6307014,6432949,00010,2020-03
0025,EURO AREA,00010,COCOA BEANS,39884,39884,0,4489,4489,00010,2020-03
0026,APEC,00010,COCOA BEANS,3052099,3052099,0,1008792,1008792,00010,2020-03
0028,CACM,00010,COCOA BEANS,14440,14440,392,4243,4243,00010,2020-03
2010,MEXICO,00010,COCOA BEANS,5940,5940,0,0,0,00010,2020-03
2050,GUATEMALA,00010,COCOA BEANS,7190,7190,392,1717,1717,00010,2020-03
2190,NICARAGUA,00010,COCOA BEANS,7250,7250,0,2526,2526,00010,2020-03
2230,COSTA RICA,00010,COCOA BEANS,0,0,0,0,0,00010,2020-03
2450,HAITI,00010,COCOA BEANS,67470,67470,0,25920,25920,00010,2020-03
2470,DOMINICAN REPUBLIC,00010,COCOA BEANS,6105365,6105365,0,2083617,2183617,00010,2020-03
7830,TANZANIA,00010,COCOA BEANS,0,0,0,0,0,00010,2020-03
7880,MADAGASCAR,00010,COCOA BEANS,227720,227720,0,226291,226291,00010,2020-03
2XXX,CENTRAL AMERICA,00010,COCOA BEANS,6187275,6187275,392,2113780,2213780,00010,2020-03
3XXX,SOUTH AMERICA,00010,COCOA BEANS,18030668,18030668,229,6307014,6432949,00010,2020-03
5330,INDIA,00010,COCOA BEANS,0,0,0,0,0,00010,2020-04
5600,INDONESIA,00010,COCOA BEANS,1607113,1607113,0,288400,288400,00010,2020-04
5650,PHILIPPINES,00010,COCOA BEANS,45500,45500,0,13000,13000,00010,2020-04
6040,PAPUA NEW GUINEA,00010,COCOA BEANS,1129200,1129200,0,472440,472440,00010,2020-04
2489,GRENADA,00010,COCOA BEANS,0,0,0,0,0,00010,2020-04
3010,COLOMBIA,00010,COCOA BEANS,0,0,0,0,0,00010,2020-04
3070,VENEZUELA,00010,COCOA BEANS,65652,65652,0,25437,25437,00010,2020-04
3310,ECUADOR,00010,COCOA BEANS,11045592,11045592,0,4204126,4204126,00010,2020-04
3330,PERU,00010,COCOA BEANS,323234,323234,3355,56938,56938,00010,2020-04
3350,BOLIVIA,00010,COCOA BEANS,0,0,0,0,0,00010,2020-04
3510,BRAZIL,00010,COCOA BEANS,0,0,0,0,0,00010,2020-04
4279,FRANCE,00010,COCOA BEANS,0,0,0,0,0,00010,2020-04
6863,FIJI,00010,COCOA BEANS,0,0,0,0,0,00010,2020-04
7420,CAMEROON,00010,COCOA BEANS,0,0,0,0,0,00010,2020-04
7480,COTE D'IVOIRE,00010,COCOA BEANS,79893805,79893805,0,13532653,34830699,00010,2020-04
7490,GHANA,00010,COCOA BEANS,7450598,7450598,0,4136060,4136060,00010,2020-04
7530,NIGERIA,00010,COCOA BEANS,612038,612038,0,254625,254625,00010,2020-04
7630,CONGO,00010,COCOA BEANS,152041,152041,0,50823,50823,00010,2020-04
7660,DEMOCRATIC REPUBLIC OF THE CONGO,00010,COCOA BEANS,431601,431601,0,150782,150782,00010,2020-04
4419,SWITZERLAND,00010,COCOA BEANS,19634,19634,0,1684,1684,00010,2020-04
-,TOTAL FOR ALL COUNTRIES,00010,COCOA BEANS,106441271,106441271,3355,24612235,45910281,00010,2020-04
0003,EUROPEAN UNION,00010,COCOA BEANS,0,0,0,0,0,00010,2020-04
1XXX,NORTH AMERICA,00010,COCOA BEANS,0,0,0,0,0,00010,2020-04
4XXX,EUROPE,00010,COCOA BEANS,19634,19634,0,1684,1684,00010,2020-04
7XXX,AFRICA,00010,COCOA BEANS,88775535,88775535,0,18351532,39649578,00010,2020-04
0014,PACIFIC RIM COUNTRIES,00010,COCOA BEANS,2781813,2781813,0,773840,773840,00010,2020-04
5XXX,ASIA,00010,COCOA BEANS,1652613,1652613,0,301400,301400,00010,2020-04
0017,CAFTA-DR,00010,COCOA BEANS,2854621,2854621,0,999054,999054,00010,2020-04
6XXX,AUSTRALIA AND OCEANIA,00010,COCOA BEANS,1129200,1129200,0,472440,472440,00010,2020-04
0020,USMCA (NAFTA),00010,COCOA BEANS,0,0,0,0,0,00010,2020-04
0021,TWENTY LATIN AMERICAN REPUBLICS,00010,COCOA BEANS,14864289,14864289,3355,5485179,5485179,00010,2020-04
0022,OECD,00010,COCOA BEANS,19634,19634,0,1684,1684,00010,2020-04
0023,NATO,00010,COCOA BEANS,0,0,0,0,0,00010,2020-04
0024,LAFTA,00010,COCOA BEANS,11434478,11434478,3355,4286501,4286501,00010,2020-04
0025,EURO AREA,00010,COCOA BEANS,0,0,0,0,0,00010,2020-04
0026,APEC,00010,COCOA BEANS,3105047,3105047,3355,830778,830778,00010,2020-04
0027,ASEAN,00010,COCOA BEANS,1652613,1652613,0,301400,301400,00010,2020-04
0028,CACM,00010,COCOA BEANS,0,0,0,0,0,00010,2020-04
2010,MEXICO,00010,COCOA BEANS,0,0,0,0,0,00010,2020-04
2050,GUATEMALA,00010,COCOA BEANS,0,0,0,0,0,00010,2020-04
2190,NICARAGUA,00010,COCOA BEANS,0,0,0,0,0,00010,2020-04
2230,COSTA RICA,00010,COCOA BEANS,0,0,0,0,0,00010,2020-04
2450,HAITI,00010,COCOA BEANS,575190,575190,0,199624,199624,00010,2020-04
2470,DOMINICAN REPUBLIC,00010,COCOA BEANS,2854621,2854621,0,999054,999054,00010,2020-04
7830,TANZANIA,00010,COCOA BEANS,0,0,0,0,0,00010,2020-04
7880,MADAGASCAR,00010,COCOA BEANS,235452,235452,0,226589,226589,00010,2020-04
2XXX,CENTRAL AMERICA,00010,COCOA BEANS,3429811,3429811,0,1198678,1198678,00010,2020-04
3XXX,SOUTH AMERICA,00010,COCOA BEANS,11434478,11434478,3355,4286501,4286501,00010,2020-04
5330,INDIA,00010,COCOA BEANS,0,0,0,0,0,00010,2020-05
5600,INDONESIA,00010,COCOA BEANS,1347624,1347624,0,209000,209000,00010,2020-05
5650,PHILIPPINES,00010,COCOA BEANS,0,0,0,0,0,00010,2020-05
6040,PAPUA NEW GUINEA,00010,COCOA BEANS,668100,668100,0,259080,259080,00010,2020-05
2489,GRENADA,00010,COCOA BEANS,0,0,0,0,0,00010,2020-05
3010,COLOMBIA,00010,COCOA BEANS,0,0,0,0,0,00010,2020-05
3070,VENEZUELA,00010,COCOA BEANS,0,0,0,0,0,00010,2020-05
3310,ECUADOR,00010,COCOA BEANS,12109193,12109193,3605,4578770,4578770,00010,2020-05
3330,PERU,00010,COCOA BEANS,446598,446598,1975,152602,152602,00010,2020-05
3350,BOLIVIA,00010,COCOA BEANS,0,0,0,0,0,00010,2020-05
3510,BRAZIL,00010,COCOA BEANS,0,0,0,0,0,00010,2020-05
4210,NETHERLANDS,00010,COCOA BEANS,442891,442891,0,78626,78626,00010,2020-05
4279,FRANCE,00010,COCOA BEANS,0,0,0,0,0,00010,2020-05
6863,FIJI,00010,COCOA BEANS,0,0,0,0,0,00010,2020-05
7420,CAMEROON,00010,COCOA BEANS,0,0,0,0,0,00010,2020-05
7480,COTE D'IVOIRE,00010,COCOA BEANS,24169100,24169100,0,9327146,9327146,00010,2020-05
7490,GHANA,00010,COCOA BEANS,8251659,8251659,0,5598909,5598909,00010,2020-05
7530,NIGERIA,00010,COCOA BEANS,5976115,5976115,0,2422060,2422060,00010,2020-05
7630,CONGO,00010,COCOA BEANS,1915896,1915896,0,660624,660624,00010,2020-05
7660,DEMOCRATIC REPUBLIC OF THE CONGO,00010,COCOA BEANS,439146,439146,0,152101,152101,00010,2020-05
7780,UGANDA,00010,COCOA BEANS,103500,103500,0,23368,23368,00010,2020-05
4419,SWITZERLAND,00010,COCOA BEANS,13228,13228,0,1659,1659,00010,2020-05
-,TOTAL FOR ALL COUNTRIES,00010,COCOA BEANS,64053380,64053380,5580,26508036,26508516,00010,2020-05
0003,EUROPEAN UNION,00010,COCOA BEANS,442891,442891,0,78626,78626,00010,2020-05
1XXX,NORTH AMERICA,00010,COCOA BEANS,64902,64902,0,0,0,00010,2020-05
4XXX,EUROPE,00010,COCOA BEANS,456119,456119,0,80285,80285,00010,2020-05
7XXX,AFRICA,00010,COCOA BEANS,41042683,41042683,0,18310156,18310156,00010,2020-05
0014,PACIFIC RIM COUNTRIES,00010,COCOA BEANS,2015724,2015724,0,468080,468080,00010,2020-05
5XXX,ASIA,00010,COCOA BEANS,1347624,1347624,0,209000,209000,00010,2020-05
0017,CAFTA-DR,00010,COCOA BEANS,7006101,7006101,0,2578751,2579231,00010,2020-05
6XXX,AUSTRALIA AND OCEANIA,00010,COCOA BEANS,668100,668100,0,259080,259080,00010,2020-05
0020,USMCA (NAFTA),00010,COCOA BEANS,64902,64902,0,0,0,00010,2020-05
0021,TWENTY LATIN AMERICAN REPUBLICS,00010,COCOA BEANS,20456528,20456528,5580,7634547,7635027,00010,2020-05
0022,OECD,00010,COCOA BEANS,521021,521021,0,80285,80285,00010,2020-05
0023,NATO,00010,COCOA BEANS,442891,442891,0,78626,78626,00010,2020-05
0024,LAFTA,00010,COCOA BEANS,12620693,12620693,5580,4731372,4731372,00010,2020-05
0025,EURO AREA,00010,COCOA BEANS,442891,442891,0,78626,78626,00010,2020-05
0026,APEC,00010,COCOA BEANS,2527224,2527224,1975,620682,620682,00010,2020-05
0027,ASEAN,00010,COCOA BEANS,1347624,1347624,0,209000,209000,00010,2020-05
0028,CACM,00010,COCOA BEANS,77562,77562,0,18319,18799,00010,2020-05
2010,MEXICO,00010,COCOA BEANS,64902,64902,0,0,0,00010,2020-05
2050,GUATEMALA,00010,COCOA BEANS,0,0,0,0,0,00010,2020-05
2080,BELIZE,00010,COCOA BEANS,82326,82326,0,14968,14968,00010,2020-05
2110,EL SALVADOR,00010,COCOA BEANS,6864,6864,0,2156,2156,00010,2020-05
2190,NICARAGUA,00010,COCOA BEANS,67986,67986,0,16163,16163,00010,2020-05
2230,COSTA RICA,00010,COCOA BEANS,2712,2712,0,0,480,00010,2020-05
2450,HAITI,00010,COCOA BEANS,829734,829734,0,324424,324424,00010,2020-05
2470,DOMINICAN REPUBLIC,00010,COCOA BEANS,6928539,6928539,0,2560432,2560432,00010,2020-05
7830,TANZANIA,00010,COCOA BEANS,65270,65270,0,13196,13196,00010,2020-05
7880,MADAGASCAR,00010,COCOA BEANS,121997,121997,0,112752,112752,00010,2020-05
2XXX,CENTRAL AMERICA,00010,COCOA BEANS,7918161,7918161,0,2918143,2918623,00010,2020-05
3XXX,SOUTH AMERICA,00010,COCOA BEANS,12555791,12555791,5580,4731372,4731372,00010,2020-05
5330,INDIA,00010,COCOA BEANS,0,0,0,0,0,00010,2020-06
5600,INDONESIA,00010,COCOA BEANS,32400,32400,0,12192,12192,00010,2020-06
5650,PHILIPPINES,00010,COCOA BEANS,0,0,0,0,0,00010,2020-06
6040,PAPUA NEW GUINEA,00010,COCOA BEANS,1154775,1154775,0,457200,457200,00010,2020-06
2489,GRENADA,00010,COCOA BEANS,0,0,0,0,0,00010,2020-06
3010,COLOMBIA,00010,COCOA BEANS,131105,131105,0,50500,50500,00010,2020-06
3070,VENEZUELA,00010,COCOA BEANS,74901,74901,0,64516,64516,00010,2020-06
3310,ECUADOR,00010,COCOA BEANS,18237614,18237614,1404,7029343,7029343,00010,2020-06
3330,PERU,00010,COCOA BEANS,1768682,1768682,0,580816,580816,00010,2020-06
3350,BOLIVIA,00010,COCOA BEANS,0,0,0,0,0,00010,2020-06
3510,BRAZIL,00010,COCOA BEANS,0,0,0,0,0,00010,2020-06
4210,NETHERLANDS,00010,COCOA BEANS,186430,186430,0,37870,37870,00010,2020-06
4279,FRANCE,00010,COCOA BEANS,0,0,0,0,0,00010,2020-06
6863,FIJI,00010,COCOA BEANS,0,0,0,0,0,00010,2020-06
7420,CAMEROON,00010,COCOA BEANS,0,0,0,0,0,00010,2020-06
7480,COTE D'IVOIRE,00010,COCOA BEANS,20935243,20935243,0,9206797,9206797,00010,2020-06
7490,GHANA,00010,COCOA BEANS,7567874,7567874,0,2524994,2524994,00010,2020-06
7530,NIGERIA,00010,COCOA BEANS,4813458,4813458,0,1967649,1967649,00010,2020-06
7630,CONGO,00010,COCOA BEANS,144544,144544,0,48831,48831,00010,2020-06
7660,DEMOCRATIC REPUBLIC OF THE CONGO,00010,COCOA BEANS,1977625,1977625,0,685633,685633,00010,2020-06
7780,UGANDA,00010,COCOA BEANS,0,0,0,0,0,00010,2020-06
4419,SWITZERLAND,00010,COCOA BEANS,17820,17820,0,1419,1419,00010,2020-06
-,TOTAL FOR ALL COUNTRIES,00010,COCOA BEANS,69310199,69310199,2429,27040615,27040615,00010,2020-06
0003,EUROPEAN UNION,00010,COCOA BEANS,186430,186430,0,37870,37870,00010,2020-06
1XXX,NORTH AMERICA,00010,COCOA BEANS,6630,6630,0,0,0,00010,2020-06
4XXX,EUROPE,00010,COCOA BEANS,204250,204250,0,39289,39289,00010,2020-06
7XXX,AFRICA,00010,COCOA BEANS,35842739,35842739,0,14551635,14551635,00010,2020-06
0014,PACIFIC RIM COUNTRIES,00010,COCOA BEANS,1187175,1187175,0,469392,469392,00010,2020-06
5XXX,ASIA,00010,COCOA BEANS,32400,32400,0,12192,12192,00010,2020-06
0017,CAFTA-DR,00010,COCOA BEANS,11149644,11149644,0,3980394,3980394,00010,2020-06
6XXX,AUSTRALIA AND OCEANIA,00010,COCOA BEANS,1154775,1154775,0,457200,457200,00010,2020-06
0020,USMCA (NAFTA),00010,COCOA BEANS,6630,6630,0,0,0,00010,2020-06
0021,TWENTY LATIN AMERICAN REPUBLICS,00010,COCOA BEANS,32070522,32070522,1404,11980299,11980299,00010,2020-06
0022,OECD,00010,COCOA BEANS,210880,210880,0,39289,39289,00010,2020-06
0023,NATO,00010,COCOA BEANS,186430,186430,0,37870,37870,00010,2020-06
0024,LAFTA,00010,COCOA BEANS,20218932,20218932,1404,7725175,7725175,00010,2020-06
0025,EURO AREA,00010,COCOA BEANS,186430,186430,0,37870,37870,00010,2020-06
0026,APEC,00010,COCOA BEANS,2962487,2962487,0,1050208,1050208,00010,2020-06
0027,ASEAN,00010,COCOA BEANS,32400,32400,0,12192,12192,00010,2020-06
0028,CACM,00010,COCOA BEANS,9158,9158,0,2148,2148,00010,2020-06
2010,MEXICO,00010,COCOA BEANS,6630,6630,0,0,0,00010,2020-06
2050,GUATEMALA,00010,COCOA BEANS,0,0,0,0,0,00010,2020-06
2080,BELIZE,00010,COCOA BEANS,0,0,0,0,0,00010,2020-06
2110,EL SALVADOR,00010,COCOA BEANS,0,0,0,0,0,00010,2020-06
2190,NICARAGUA,00010,COCOA BEANS,0,0,0,0,0,00010,2020-06
2230,COSTA RICA,00010,COCOA BEANS,9158,9158,0,2148,2148,00010,2020-06
2410,JAMAICA,00010,COCOA BEANS,5513,5513,1025,0,0,00010,2020-06
2450,HAITI,00010,COCOA BEANS,701946,701946,0,274730,274730,00010,2020-06
2470,DOMINICAN REPUBLIC,00010,COCOA BEANS,11140486,11140486,0,3978246,3978246,00010,2020-06
7830,TANZANIA,00010,COCOA BEANS,270195,270195,0,79005,79005,00010,2020-06
7880,MADAGASCAR,00010,COCOA BEANS,133800,133800,0,38726,38726,00010,2020-06
2XXX,CENTRAL AMERICA,00010,COCOA BEANS,11857103,11857103,1025,4255124,4255124,00010,2020-06
3XXX,SOUTH AMERICA,00010,COCOA BEANS,20212302,20212302,1404,7725175,7725175,00010,2020-06
5330,INDIA,00010,COCOA BEANS,0,0,0,0,0,00010,2020-07
5600,INDONESIA,00010,COCOA BEANS,0,0,0,0,0,00010,2020-07
5650,PHILIPPINES,00010,COCOA BEANS,0,0,0,0,0,00010,2020-07
6040,PAPUA NEW GUINEA,00010,COCOA BEANS,4096275,4096275,0,1600200,1600200,00010,2020-07
2489,GRENADA,00010,COCOA BEANS,0,0,0,0,0,00010,2020-07
2740,TRINIDAD AND TOBAGO,00010,COCOA BEANS,140000,140000,0,25000,25000,00010,2020-07
3010,COLOMBIA,00010,COCOA BEANS,0,0,0,0,0,00010,2020-07
3070,VENEZUELA,00010,COCOA BEANS,143490,143490,0,101542,101542,00010,2020-07
3310,ECUADOR,00010,COCOA BEANS,9319501,9319501,0,3727171,3727171,00010,2020-07
3330,PERU,00010,COCOA BEANS,2415777,2415777,0,883975,884365,00010,2020-07
3350,BOLIVIA,00010,COCOA BEANS,4787,4787,0,2150,2150,00010,2020-07
3510,BRAZIL,00010,COCOA BEANS,0,0,0,0,0,00010,2020-07
4210,NETHERLANDS,00010,COCOA BEANS,339578,339578,0,59575,59575,00010,2020-07
4279,FRANCE,00010,COCOA BEANS,0,0,0,0,0,00010,2020-07
6863,FIJI,00010,COCOA BEANS,0,0,0,0,0,00010,2020-07
7420,CAMEROON,00010,COCOA BEANS,0,0,0,0,0,00010,2020-07
7480,COTE D'IVOIRE,00010,COCOA BEANS,21961235,21961235,0,10760928,10760928,00010,2020-07
7490,GHANA,00010,COCOA BEANS,3937660,3937660,0,1529521,1529521,00010,2020-07
7530,NIGERIA,00010,COCOA BEANS,0,0,0,0,0,00010,2020-07
7630,CONGO,00010,COCOA BEANS,0,0,0,0,0,00010,2020-07
7660,DEMOCRATIC REPUBLIC OF THE CONGO,00010,COCOA BEANS,711363,711363,0,203293,203293,00010,2020-07
7780,UGANDA,00010,COCOA BEANS,0,0,0,0,0,00010,2020-07
4419,SWITZERLAND,00010,COCOA BEANS,15356,15356,0,1213,1213,00010,2020-07
-,TOTAL FOR ALL COUNTRIES,00010,COCOA BEANS,52311616,52311616,320,22267565,22267955,00010,2020-07
0003,EUROPEAN UNION,00010,COCOA BEANS,339578,339578,0,59575,59575,00010,2020-07
1XXX,NORTH AMERICA,00010,COCOA BEANS,34900,34900,320,0,0,00010,2020-07
4XXX,EUROPE,00010,COCOA BEANS,354934,354934,0,60788,60788,00010,2020-07
7XXX,AFRICA,00010,COCOA BEANS,26672973,26672973,0,12550023,12550023,00010,2020-07
0014,PACIFIC RIM COUNTRIES,00010,COCOA BEANS,4096275,4096275,0,1600200,1600200,00010,2020-07
5XXX,ASIA,00010,COCOA BEANS,0,0,0,0,0,00010,2020-07
0017,CAFTA-DR,00010,COCOA BEANS,8261604,8261604,0,2952512,2952512,00010,2020-07
6XXX,AUSTRALIA AND OCEANIA,00010,COCOA BEANS,4096275,4096275,0,1600200,1600200,00010,2020-07
0020,USMCA (NAFTA),00010,COCOA BEANS,34900,34900,320,0,0,00010,2020-07
0021,TWENTY LATIN AMERICAN REPUBLICS,00010,COCOA BEANS,20965108,20965108,320,8016586,8016976,00010,2020-07
0022,OECD,00010,COCOA BEANS,389834,389834,320,60788,60788,00010,2020-07
0023,NATO,00010,COCOA BEANS,339578,339578,0,59575,59575,00010,2020-07
0024,LAFTA,00010,COCOA BEANS,11918455,11918455,320,4714838,4715228,00010,2020-07
0025,EURO AREA,00010,COCOA BEANS,339578,339578,0,59575,59575,00010,2020-07
0026,APEC,00010,COCOA BEANS,6546952,6546952,320,2484175,2484565,00010,2020-07
0027,ASEAN,00010,COCOA BEANS,0,0,0,0,0,00010,2020-07
0028,CACM,00010,COCOA BEANS,173797,173797,0,39368,39368,00010,2020-07
2010,MEXICO,00010,COCOA BEANS,34900,34900,320,0,0,00010,2020-07
2050,GUATEMALA,00010,COCOA BEANS,88842,88842,0,17408,17408,00010,2020-07
2080,BELIZE,00010,COCOA BEANS,82326,82326,0,14968,14968,00010,2020-07
2110,EL SALVADOR,00010,COCOA BEANS,0,0,0,0,0,00010,2020-07
2150,HONDURAS,00010,COCOA BEANS,34872,34872,0,9480,9480,00010,2020-07
2190,NICARAGUA,00010,COCOA BEANS,50083,50083,0,12480,12480,00010,2020-07
2230,COSTA RICA,00010,COCOA BEANS,0,0,0,0,0,00010,2020-07
2410,JAMAICA,00010,COCOA BEANS,0,0,0,0,0,00010,2020-07
2450,HAITI,00010,COCOA BEANS,785049,785049,0,349236,349236,00010,2020-07
2470,DOMINICAN REPUBLIC,00010,COCOA BEANS,8087807,8087807,0,2913144,2913144,00010,2020-07
7830,TANZANIA,00010,COCOA BEANS,0,0,0,0,0,00010,2020-07
7880,MADAGASCAR,00010,COCOA BEANS,62715,62715,0,56281,56281,00010,2020-07
2XXX,CENTRAL AMERICA,00010,COCOA BEANS,9268979,9268979,0,3341716,3341716,00010,2020-07
3XXX,SOUTH AMERICA,00010,COCOA BEANS,11883555,11883555,0,4714838,4715228,00010,2020-07
5330,INDIA,00010,COCOA BEANS,0,0,0,0,0,00010,2020-08
5520,VIETNAM,00010,COCOA BEANS,21875,21875,0,3267,3267,00010,2020-08
5600,INDONESIA,00010,COCOA BEANS,0,0,0,0,0,00010,2020-08
5650,PHILIPPINES,00010,COCOA BEANS,0,0,0,0,0,00010,2020-08
6040,PAPUA NEW GUINEA,00010,COCOA BEANS,6171150,6171150,0,2529840,2529840,00010,2020-08
2489,GRENADA,00010,COCOA BEANS,0,0,0,0,0,00010,2020-08
2740,TRINIDAD AND TOBAGO,00010,COCOA BEANS,0,0,0,0,0,00010,2020-08
3010,COLOMBIA,00010,COCOA BEANS,40286,40286,0,19428,19428,00010,2020-08
3070,VENEZUELA,00010,COCOA BEANS,110789,110789,0,50874,50874,00010,2020-08
3310,ECUADOR,00010,COCOA BEANS,8495781,8495781,0,3600986,3600986,00010,2020-08
3330,PERU,00010,COCOA BEANS,5552962,5552962,0,2220606,2221940,00010,2020-08
3350,BOLIVIA,00010,COCOA BEANS,0,0,0,0,0,00010,2020-08
3510,BRAZIL,00010,COCOA BEANS,0,0,0,0,0,00010,2020-08
4210,NETHERLANDS,00010,COCOA BEANS,0,0,0,0,0,00010,2020-08
4279,FRANCE,00010,COCOA BEANS,0,0,0,0,0,00010,2020-08
6863,FIJI,00010,COCOA BEANS,7350,7350,0,1050,1050,00010,2020-08
7420,CAMEROON,00010,COCOA BEANS,0,0,0,0,0,00010,2020-08
7480,COTE D'IVOIRE,00010,COCOA BEANS,25608521,25608521,0,11459261,11459261,00010,2020-08
7490,GHANA,00010,COCOA BEANS,115498,115498,0,35824,35824,00010,2020-08
7530,NIGERIA,00010,COCOA BEANS,300207,300207,0,101640,101640,00010,2020-08
7630,CONGO,00010,COCOA BEANS,249302,249302,0,101646,101646,00010,2020-08
7660,DEMOCRATIC REPUBLIC OF THE CONGO,00010,COCOA BEANS,0,0,0,0,0,00010,2020-08
7780,UGANDA,00010,COCOA BEANS,45000,45000,0,10160,10160,00010,2020-08
4419,SWITZERLAND,00010,COCOA BEANS,0,0,0,0,0,00010,2020-08
-,TOTAL FOR ALL COUNTRIES,00010,COCOA BEANS,51622303,51622303,0,22152664,22153998,00010,2020-08
0003,EUROPEAN UNION,00010,COCOA BEANS,0,0,0,0,0,00010,2020-08
1XXX,NORTH AMERICA,00010,COCOA BEANS,30289,30289,0,0,0,00010,2020-08
4XXX,EUROPE,00010,COCOA BEANS,0,0,0,0,0,00010,2020-08
7XXX,AFRICA,00010,COCOA BEANS,26318528,26318528,0,11708531,11708531,00010,2020-08
0014,PACIFIC RIM COUNTRIES,00010,COCOA BEANS,6171150,6171150,0,2529840,2529840,00010,2020-08
5XXX,ASIA,00010,COCOA BEANS,21875,21875,0,3267,3267,00010,2020-08
0017,CAFTA-DR,00010,COCOA BEANS,4502493,4502493,0,1843110,1843110,00010,2020-08
6XXX,AUSTRALIA AND OCEANIA,00010,COCOA BEANS,6178500,6178500,0,2530890,2530890,00010,2020-08
0020,USMCA (NAFTA),00010,COCOA BEANS,30289,30289,0,0,0,00010,2020-08
0021,TWENTY LATIN AMERICAN REPUBLICS,00010,COCOA BEANS,19103400,19103400,0,7909976,7911310,00010,2020-08
0022,OECD,00010,COCOA BEANS,30289,30289,0,0,0,00010,2020-08
0023,NATO,00010,COCOA BEANS,0,0,0,0,0,00010,2020-08
0024,LAFTA,00010,COCOA BEANS,14230107,14230107,0,5891894,5893228,00010,2020-08
0025,EURO AREA,00010,COCOA BEANS,0,0,0,0,0,00010,2020-08
0026,APEC,00010,COCOA BEANS,11776276,11776276,0,4753713,4755047,00010,2020-08
0027,ASEAN,00010,COCOA BEANS,21875,21875,0,3267,3267,00010,2020-08
0028,CACM,00010,COCOA BEANS,5975,5975,0,1833,1833,00010,2020-08
2010,MEXICO,00010,COCOA BEANS,30289,30289,0,0,0,00010,2020-08
2050,GUATEMALA,00010,COCOA BEANS,0,0,0,0,0,00010,2020-08
2080,BELIZE,00010,COCOA BEANS,0,0,0,0,0,00010,2020-08
2110,EL SALVADOR,00010,COCOA BEANS,5975,5975,0,1833,1833,00010,2020-08
2150,HONDURAS,00010,COCOA BEANS,0,0,0,0,0,00010,2020-08
2190,NICARAGUA,00010,COCOA BEANS,0,0,0,0,0,00010,2020-08
2230,COSTA RICA,00010,COCOA BEANS,0,0,0,0,0,00010,2020-08
2410,JAMAICA,00010,COCOA BEANS,0,0,0,0,0,00010,2020-08
2450,HAITI,00010,COCOA BEANS,370800,370800,0,174972,174972,00010,2020-08
2470,DOMINICAN REPUBLIC,00010,COCOA BEANS,4496518,4496518,0,1841277,1841277,00010,2020-08
7830,TANZANIA,00010,COCOA BEANS,0,0,0,0,0,00010,2020-08
7880,MADAGASCAR,00010,COCOA BEANS,0,0,0,0,0,00010,2020-08
2XXX,CENTRAL AMERICA,00010,COCOA BEANS,4873293,4873293,0,2018082,2018082,00010,2020-08
3XXX,SOUTH AMERICA,00010,COCOA BEANS,14199818,14199818,0,5891894,5893228,00010,2020-08
5330,INDIA,00010,COCOA BEANS,0,0,0,0,0,00010,2020-09
5520,VIETNAM,00010,COCOA BEANS,0,0,0,0,0,00010,2020-09
5600,INDONESIA,00010,COCOA BEANS,0,0,0,0,0,00010,2020-09
5650,PHILIPPINES,00010,COCOA BEANS,65550,65550,0,11400,11400,00010,2020-09
6040,PAPUA NEW GUINEA,00010,COCOA BEANS,2761425,2761425,0,1203960,1203960,00010,2020-09
2489,GRENADA,00010,COCOA BEANS,0,0,0,0,0,00010,2020-09
2740,TRINIDAD AND TOBAGO,00010,COCOA BEANS,0,0,0,0,0,00010,2020-09
3010,COLOMBIA,00010,COCOA BEANS,57100,57100,0,13390,13390,00010,2020-09
3070,VENEZUELA,00010,COCOA BEANS,0,0,0,0,0,00010,2020-09
3310,ECUADOR,00010,COCOA BEANS,20115017,20115017,0,7954521,7954521,00010,2020-09
3330,PERU,00010,COCOA BEANS,2962095,2962095,0,1117121,1117121,00010,2020-09
3350,BOLIVIA,00010,COCOA BEANS,0,0,0,0,0,00010,2020-09
3510,BRAZIL,00010,COCOA BEANS,0,0,0,0,0,00010,2020-09
4210,NETHERLANDS,00010,COCOA BEANS,20729,20729,0,934,934,00010,2020-09
4279,FRANCE,00010,COCOA BEANS,0,0,0,0,0,00010,2020-09
6863,FIJI,00010,COCOA BEANS,0,0,0,0,0,00010,2020-09
7420,CAMEROON,00010,COCOA BEANS,5906267,5906267,0,2553121,2553121,00010,2020-09
7480,COTE D'IVOIRE,00010,COCOA BEANS,16028783,16028783,0,8514400,8514400,00010,2020-09
7490,GHANA,00010,COCOA BEANS,35031,35031,0,6578,6578,00010,2020-09
7530,NIGERIA,00010,COCOA BEANS,145102,145102,0,50820,50820,00010,2020-09
7630,CONGO,00010,COCOA BEANS,249302,249302,0,101646,101646,00010,2020-09
7660,DEMOCRATIC REPUBLIC OF THE CONGO,00010,COCOA BEANS,0,0,0,0,0,00010,2020-09
7780,UGANDA,00010,COCOA BEANS,0,0,0,0,0,00010,2020-09
4419,SWITZERLAND,00010,COCOA BEANS,0,0,0,0,0,00010,2020-09
-,TOTAL FOR ALL COUNTRIES,00010,COCOA BEANS,52966650,52966650,1110,23323133,23323133,00010,2020-09
0003,EUROPEAN UNION,00010,COCOA BEANS,20729,20729,0,934,934,00010,2020-09
1XXX,NORTH AMERICA,00010,COCOA BEANS,27641,27641,0,0,0,00010,2020-09
4XXX,EUROPE,00010,COCOA BEANS,20729,20729,0,934,934,00010,2020-09
7XXX,AFRICA,00010,COCOA BEANS,22436942,22436942,0,11239817,11239817,00010,2020-09
0014,PACIFIC RIM COUNTRIES,00010,COCOA BEANS,2826975,2826975,0,1215360,1215360,00010,2020-09
5XXX,ASIA,00010,COCOA BEANS,65550,65550,0,11400,11400,00010,2020-09
0017,CAFTA-DR,00010,COCOA BEANS,4451789,4451789,1110,1754865,1754865,00010,2020-09
6XXX,AUSTRALIA AND OCEANIA,00010,COCOA BEANS,2761425,2761425,0,1203960,1203960,00010,2020-09
0020,USMCA (NAFTA),00010,COCOA BEANS,27641,27641,0,0,0,00010,2020-09
0021,TWENTY LATIN AMERICAN REPUBLICS,00010,COCOA BEANS,27682004,27682004,1110,10867022,10867022,00010,2020-09
0022,OECD,00010,COCOA BEANS,48370,48370,0,934,934,00010,2020-09
0023,NATO,00010,COCOA BEANS,20729,20729,0,934,934,00010,2020-09
0024,LAFTA,00010,COCOA BEANS,23161853,23161853,0,9085032,9085032,00010,2020-09
0025,EURO AREA,00010,COCOA BEANS,20729,20729,0,934,934,00010,2020-09
0026,APEC,00010,COCOA BEANS,5816711,5816711,0,2332481,2332481,00010,2020-09
0027,ASEAN,00010,COCOA BEANS,65550,65550,0,11400,11400,00010,2020-09
0028,CACM,00010,COCOA BEANS,248900,248900,1110,90892,90892,00010,2020-09
2010,MEXICO,00010,COCOA BEANS,27641,27641,0,0,0,00010,2020-09
2050,GUATEMALA,00010,COCOA BEANS,44965,44965,902,8540,8540,00010,2020-09
2080,BELIZE,00010,COCOA BEANS,0,0,0,0,0,00010,2020-09
2110,EL SALVADOR,00010,COCOA BEANS,10560,10560,0,2059,2059,00010,2020-09
2150,HONDURAS,00010,COCOA BEANS,0,0,0,0,0,00010,2020-09
2190,NICARAGUA,00010,COCOA BEANS,183375,183375,208,78152,78152,00010,2020-09
2230,COSTA RICA,00010,COCOA BEANS,10000,10000,0,2141,2141,00010,2020-09
2410,JAMAICA,00010,COCOA BEANS,0,0,0,0,0,00010,2020-09
2450,HAITI,00010,COCOA BEANS,68362,68362,0,27125,27125,00010,2020-09
2470,DOMINICAN REPUBLIC,00010,COCOA BEANS,4202889,4202889,0,1663973,1663973,00010,2020-09
7830,TANZANIA,00010,COCOA BEANS,0,0,0,0,0,00010,2020-09
7880,MADAGASCAR,00010,COCOA BEANS,72457,72457,0,13252,13252,00010,2020-09
2XXX,CENTRAL AMERICA,00010,COCOA BEANS,4520151,4520151,1110,1781990,1781990,00010,2020-09
3XXX,SOUTH AMERICA,00010,COCOA BEANS,23134212,23134212,0,9085032,9085032,00010,2020-09
5330,INDIA,00010,COCOA BEANS,0,0,0,0,0,00010,2020-10
5520,VIETNAM,00010,COCOA BEANS,50063,50063,0,16086,16086,00010,2020-10
5600,INDONESIA,00010,COCOA BEANS,0,0,0,0,0,00010,2020-10
5650,PHILIPPINES,00010,COCOA BEANS,0,0,0,0,0,00010,2020-10
6040,PAPUA NEW GUINEA,00010,COCOA BEANS,6139560,6139560,0,2590800,2590800,00010,2020-10
2489,GRENADA,00010,COCOA BEANS,0,0,0,0,0,00010,2020-10
2740,TRINIDAD AND TOBAGO,00010,COCOA BEANS,7425,7425,0,0,632,00010,2020-10
3010,COLOMBIA,00010,COCOA BEANS,0,0,0,0,0,00010,2020-10
3070,VENEZUELA,00010,COCOA BEANS,55394,55394,0,25437,25437,00010,2020-10
3310,ECUADOR,00010,COCOA BEANS,23614139,23614139,0,9249032,9249032,00010,2020-10
3330,PERU,00010,COCOA BEANS,946723,946723,0,295004,295231,00010,2020-10
3350,BOLIVIA,00010,COCOA BEANS,0,0,0,0,0,00010,2020-10
3510,BRAZIL,00010,COCOA BEANS,0,0,0,0,0,00010,2020-10
4210,NETHERLANDS,00010,COCOA BEANS,228000,228000,0,41800,41800,00010,2020-10
4279,FRANCE,00010,COCOA BEANS,0,0,0,0,0,00010,2020-10
6863,FIJI,00010,COCOA BEANS,0,0,0,0,0,00010,2020-10
7420,CAMEROON,00010,COCOA BEANS,5759934,5759934,0,2542339,2542339,00010,2020-10
7480,COTE D'IVOIRE,00010,COCOA BEANS,4881243,4881243,0,2424985,2424985,00010,2020-10
7490,GHANA,00010,COCOA BEANS,36764,36764,0,6343,6343,00010,2020-10
7530,NIGERIA,00010,COCOA BEANS,0,0,0,0,0,00010,2020-10
7630,CONGO,00010,COCOA BEANS,0,0,0,0,0,00010,2020-10
7660,DEMOCRATIC REPUBLIC OF THE CONGO,00010,COCOA BEANS,533523,533523,0,152469,152469,00010,2020-10
7780,UGANDA,00010,COCOA BEANS,0,0,0,0,0,00010,2020-10
4419,SWITZERLAND,00010,COCOA BEANS,6002,6002,0,453,453,00010,2020-10
-,TOTAL FOR ALL COUNTRIES,00010,COCOA BEANS,42812551,42812551,0,17547574,17548433,00010,2020-10
0003,EUROPEAN UNION,00010,COCOA BEANS,228000,228000,0,41800,41800,00010,2020-10
1XXX,NORTH AMERICA,00010,COCOA BEANS,33139,33139,0,0,0,00010,2020-10
4XXX,EUROPE,00010,COCOA BEANS,234002,234002,0,42253,42253,00010,2020-10
7XXX,AFRICA,00010,COCOA BEANS,11211464,11211464,0,5126136,5126136,00010,2020-10
0014,PACIFIC RIM COUNTRIES,00010,COCOA BEANS,6139560,6139560,0,2590800,2590800,00010,2020-10
5XXX,ASIA,00010,COCOA BEANS,50063,50063,0,16086,16086,00010,2020-10
0017,CAFTA-DR,00010,COCOA BEANS,461629,461629,0,178166,178166,00010,2020-10
6XXX,AUSTRALIA AND OCEANIA,00010,COCOA BEANS,6139560,6139560,0,2590800,2590800,00010,2020-10
0020,USMCA (NAFTA),00010,COCOA BEANS,33139,33139,0,0,0,00010,2020-10
0021,TWENTY LATIN AMERICAN REPUBLICS,00010,COCOA BEANS,25170037,25170037,0,9772299,9772526,00010,2020-10
0022,OECD,00010,COCOA BEANS,267141,267141,0,42253,42253,00010,2020-10
0023,NATO,00010,COCOA BEANS,228000,228000,0,41800,41800,00010,2020-10
0024,LAFTA,00010,COCOA BEANS,24649395,24649395,0,9569473,9569700,00010,2020-10
0025,EURO AREA,00010,COCOA BEANS,228000,228000,0,41800,41800,00010,2020-10
0026,APEC,00010,COCOA BEANS,7169485,7169485,0,2901890,2902117,00010,2020-10
0027,ASEAN,00010,COCOA BEANS,50063,50063,0,16086,16086,00010,2020-10
0028,CACM,00010,COCOA BEANS,7374,7374,0,1514,1514,00010,2020-10
2010,MEXICO,00010,COCOA BEANS,33139,33139,0,0,0,00010,2020-10
2050,GUATEMALA,00010,COCOA BEANS,0,0,0,0,0,00010,2020-10
2080,BELIZE,00010,COCOA BEANS,0,0,0,0,0,00010,2020-10
2110,EL SALVADOR,00010,COCOA BEANS,3520,3520,0,1000,1000,00010,2020-10
2150,HONDURAS,00010,COCOA BEANS,3854,3854,0,514,514,00010,2020-10
2190,NICARAGUA,00010,COCOA BEANS,0,0,0,0,0,00010,2020-10
2230,COSTA RICA,00010,COCOA BEANS,0,0,0,0,0,00010,2020-10
2410,JAMAICA,00010,COCOA BEANS,0,0,0,0,0,00010,2020-10
2450,HAITI,00010,COCOA BEANS,59013,59013,0,24660,24660,00010,2020-10
2470,DOMINICAN REPUBLIC,00010,COCOA BEANS,454255,454255,0,176652,176652,00010,2020-10
7830,TANZANIA,00010,COCOA BEANS,0,0,0,0,0,00010,2020-10
7880,MADAGASCAR,00010,COCOA BEANS,0,0,0,0,0,00010,2020-10
2XXX,CENTRAL AMERICA,00010,COCOA BEANS,528067,528067,0,202826,203458,00010,2020-10
3XXX,SOUTH AMERICA,00010,COCOA BEANS,24616256,24616256,0,9569473,9569700,00010,2020-10
5330,INDIA,00010,COCOA BEANS,0,0,0,0,0,00010,2020-11
5520,VIETNAM,00010,COCOA BEANS,0,0,0,0,0,00010,2020-11
5600,INDONESIA,00010,COCOA BEANS,0,0,0,0,0,00010,2020-11
5650,PHILIPPINES,00010,COCOA BEANS,0,0,0,0,0,00010,2020-11
6040,PAPUA NEW GUINEA,00010,COCOA BEANS,1511831,1511831,0,624777,624777,00010,2020-11
2489,GRENADA,00010,COCOA BEANS,0,0,0,0,0,00010,2020-11
2740,TRINIDAD AND TOBAGO,00010,COCOA BEANS,0,0,0,0,0,00010,2020-11
3010,COLOMBIA,00010,COCOA BEANS,3996,3996,696,0,0,00010,2020-11
3070,VENEZUELA,00010,COCOA BEANS,102287,102287,0,45598,45598,00010,2020-11
3310,ECUADOR,00010,COCOA BEANS,19879889,19879889,835,8238027,8238027,00010,2020-11
3330,PERU,00010,COCOA BEANS,503773,503773,522,133240,133240,00010,2020-11
3350,BOLIVIA,00010,COCOA BEANS,0,0,0,0,0,00010,2020-11
3510,BRAZIL,00010,COCOA BEANS,40500,40500,0,9105,9105,00010,2020-11
4210,NETHERLANDS,00010,COCOA BEANS,456934,456934,0,83767,83767,00010,2020-11
4279,FRANCE,00010,COCOA BEANS,0,0,0,0,0,00010,2020-11
6863,FIJI,00010,COCOA BEANS,0,0,0,0,0,00010,2020-11
7420,CAMEROON,00010,COCOA BEANS,0,0,0,0,0,00010,2020-11
7480,COTE D'IVOIRE,00010,COCOA BEANS,1343557,1343557,0,480377,480377,00010,2020-11
7490,GHANA,00010,COCOA BEANS,242027,242027,0,69262,69262,00010,2020-11
7530,NIGERIA,00010,COCOA BEANS,0,0,0,0,0,00010,2020-11
7630,CONGO,00010,COCOA BEANS,0,0,0,0,0,00010,2020-11
7660,DEMOCRATIC REPUBLIC OF THE CONGO,00010,COCOA BEANS,533523,533523,0,152469,152469,00010,2020-11
7780,UGANDA,00010,COCOA BEANS,0,0,0,0,0,00010,2020-11
4419,SWITZERLAND,00010,COCOA BEANS,5688,5688,0,468,468,00010,2020-11
-,TOTAL FOR ALL COUNTRIES,00010,COCOA BEANS,25972267,25972267,3376,10324790,10324790,00010,2020-11
0003,EUROPEAN UNION,00010,COCOA BEANS,456934,456934,0,83767,83767,00010,2020-11
1XXX,NORTH AMERICA,00010,COCOA BEANS,34495,34495,0,0,0,00010,2020-11
4XXX,EUROPE,00010,COCOA BEANS,462622,462622,0,84235,84235,00010,2020-11
7XXX,AFRICA,00010,COCOA BEANS,2248560,2248560,0,743252,743252,00010,2020-11
0014,PACIFIC RIM COUNTRIES,00010,COCOA BEANS,1511831,1511831,0,624777,624777,00010,2020-11
5XXX,ASIA,00010,COCOA BEANS,0,0,0,0,0,00010,2020-11
0017,CAFTA-DR,00010,COCOA BEANS,1184314,1184314,1323,446556,446556,00010,2020-11
6XXX,AUSTRALIA AND OCEANIA,00010,COCOA BEANS,1511831,1511831,0,624777,624777,00010,2020-11
0020,USMCA (NAFTA),00010,COCOA BEANS,34495,34495,0,0,0,00010,2020-11
0021,TWENTY LATIN AMERICAN REPUBLICS,00010,COCOA BEANS,21749254,21749254,3376,8872526,8872526,00010,2020-11
0022,OECD,00010,COCOA BEANS,497117,497117,0,84235,84235,00010,2020-11
0023,NATO,00010,COCOA BEANS,456934,456934,0,83767,83767,00010,2020-11
0024,LAFTA,00010,COCOA BEANS,20564940,20564940,2053,8425970,8425970,00010,2020-11
0025,EURO AREA,00010,COCOA BEANS,456934,456934,0,83767,83767,00010,2020-11
0026,APEC,00010,COCOA BEANS,2050099,2050099,522,758017,758017,00010,2020-11
0027,ASEAN,00010,COCOA BEANS,0,0,0,0,0,00010,2020-11
0028,CACM,00010,COCOA BEANS,72793,72793,1323,17472,17472,00010,2020-11
2010,MEXICO,00010,COCOA BEANS,34495,34495,0,0,0,00010,2020-11
2050,GUATEMALA,00010,COCOA BEANS,7193,7193,1323,0,0,00010,2020-11
2080,BELIZE,00010,COCOA BEANS,0,0,0,0,0,00010,2020-11
2110,EL SALVADOR,00010,COCOA BEANS,17600,17600,0,4992,4992,00010,2020-11
2150,HONDURAS,00010,COCOA BEANS,0,0,0,0,0,00010,2020-11
2190,NICARAGUA,00010,COCOA BEANS,48000,48000,0,12480,12480,00010,2020-11
2230,COSTA RICA,00010,COCOA BEANS,0,0,0,0,0,00010,2020-11
2410,JAMAICA,00010,COCOA BEANS,0,0,0,0,0,00010,2020-11
2450,HAITI,00010,COCOA BEANS,0,0,0,0,0,00010,2020-11
2470,DOMINICAN REPUBLIC,00010,COCOA BEANS,1111521,1111521,0,429084,429084,00010,2020-11
7830,TANZANIA,00010,COCOA BEANS,129453,129453,0,41144,41144,00010,2020-11
7880,MADAGASCAR,00010,COCOA BEANS,0,0,0,0,0,00010,2020-11
2XXX,CENTRAL AMERICA,00010,COCOA BEANS,1184314,1184314,1323,446556,446556,00010,2020-11
3XXX,SOUTH AMERICA,00010,COCOA BEANS,20530445,20530445,2053,8425970,8425970,00010,2020-11
5330,INDIA,00010,COCOA BEANS,0,0,0,0,0,00010,2020-12
5520,VIETNAM,00010,COCOA BEANS,0,0,0,0,0,00010,2020-12
5600,INDONESIA,00010,COCOA BEANS,0,0,0,0,0,00010,2020-12
5650,PHILIPPINES,00010,COCOA BEANS,0,0,0,0,0,00010,2020-12
6040,PAPUA NEW GUINEA,00010,COCOA BEANS,2180340,2180340,0,944640,944640,00010,2020-12
2489,GRENADA,00010,COCOA BEANS,0,0,0,0,0,00010,2020-12
2740,TRINIDAD AND TOBAGO,00010,COCOA BEANS,0,0,0,0,0,00010,2020-12
3010,COLOMBIA,00010,COCOA BEANS,15498,15498,2002,0,0,00010,2020-12
3070,VENEZUELA,00010,COCOA BEANS,36256,36256,0,16577,16577,00010,2020-12
3310,ECUADOR,00010,COCOA BEANS,25559890,25559890,2650,10294755,10294755,00010,2020-12
3330,PERU,00010,COCOA BEANS,773336,773336,1234,332591,337384,00010,2020-12
3350,BOLIVIA,00010,COCOA BEANS,0,0,0,0,0,00010,2020-12
3510,BRAZIL,00010,COCOA BEANS,0,0,0,0,0,00010,2020-12
4210,NETHERLANDS,00010,COCOA BEANS,216355,216355,0,39979,39979,00010,2020-12
4279,FRANCE,00010,COCOA BEANS,0,0,0,0,0,00010,2020-12
6863,FIJI,00010,COCOA BEANS,0,0,0,0,0,00010,2020-12
7420,CAMEROON,00010,COCOA BEANS,4518644,4518644,0,1864343,1864343,00010,2020-12
7480,COTE D'IVOIRE,00010,COCOA BEANS,51140430,51140430,0,2862305,16970219,00010,2020-12
7490,GHANA,00010,COCOA BEANS,7622967,7622967,0,2439656,2439656,00010,2020-12
7530,NIGERIA,00010,COCOA BEANS,0,0,0,0,0,00010,2020-12
7630,CONGO,00010,COCOA BEANS,0,0,0,0,0,00010,2020-12
7660,DEMOCRATIC REPUBLIC OF THE CONGO,00010,COCOA BEANS,858679,858679,0,304323,304323,00010,2020-12
7780,UGANDA,00010,COCOA BEANS,0,0,0,0,0,00010,2020-12
4419,SWITZERLAND,00010,COCOA BEANS,17570,17570,0,1677,1677,00010,2020-12
-,TOTAL FOR ALL COUNTRIES,00010,COCOA BEANS,93353325,93353325,5886,19264262,33377935,00010,2020-12
0003,EUROPEAN UNION,00010,COCOA BEANS,216355,216355,0,39979,39979,00010,2020-12
1XXX,NORTH AMERICA,00010,COCOA BEANS,8777,8777,0,0,0,00010,2020-12
4XXX,EUROPE,00010,COCOA BEANS,233925,233925,0,41656,41656,00010,2020-12
7XXX,AFRICA,00010,COCOA BEANS,64182020,64182020,0,7482627,21590541,00010,2020-12
0014,PACIFIC RIM COUNTRIES,00010,COCOA BEANS,2180340,2180340,0,944640,944640,00010,2020-12
5XXX,ASIA,00010,COCOA BEANS,0,0,0,0,0,00010,2020-12
0017,CAFTA-DR,00010,COCOA BEANS,363283,363283,0,151416,152382,00010,2020-12
6XXX,AUSTRALIA AND OCEANIA,00010,COCOA BEANS,2180340,2180340,0,944640,944640,00010,2020-12
0020,USMCA (NAFTA),00010,COCOA BEANS,8777,8777,0,0,0,00010,2020-12
0021,TWENTY LATIN AMERICAN REPUBLICS,00010,COCOA BEANS,26757040,26757040,5886,10795339,10801098,00010,2020-12
0022,OECD,00010,COCOA BEANS,242702,242702,0,41656,41656,00010,2020-12
0023,NATO,00010,COCOA BEANS,216355,216355,0,39979,39979,00010,2020-12
0024,LAFTA,00010,COCOA BEANS,26393757,26393757,5886,10643923,10648716,00010,2020-12
0025,EURO AREA,00010,COCOA BEANS,216355,216355,0,39979,39979,00010,2020-12
0026,APEC,00010,COCOA BEANS,2962453,2962453,1234,1277231,1282024,00010,2020-12
0027,ASEAN,00010,COCOA BEANS,0,0,0,0,0,00010,2020-12
0028,CACM,00010,COCOA BEANS,2419,2419,0,0,966,00010,2020-12
2010,MEXICO,00010,COCOA BEANS,8777,8777,0,0,0,00010,2020-12
2050,GUATEMALA,00010,COCOA BEANS,0,0,0,0,0,00010,2020-12
2080,BELIZE,00010,COCOA BEANS,0,0,0,0,0,00010,2020-12
2110,EL SALVADOR,00010,COCOA BEANS,0,0,0,0,0,00010,2020-12
2150,HONDURAS,00010,COCOA BEANS,2419,2419,0,0,966,00010,2020-12
2190,NICARAGUA,00010,COCOA BEANS,0,0,0,0,0,00010,2020-12
2230,COSTA RICA,00010,COCOA BEANS,0,0,0,0,0,00010,2020-12
2410,JAMAICA,00010,COCOA BEANS,0,0,0,0,0,00010,2020-12
2450,HAITI,00010,COCOA BEANS,0,0,0,0,0,00010,2020-12
2470,DOMINICAN REPUBLIC,00010,COCOA BEANS,360864,360864,0,151416,151416,00010,2020-12
7830,TANZANIA,00010,COCOA BEANS,41300,41300,0,12000,12000,00010,2020-12
7880,MADAGASCAR,00010,COCOA BEANS,0,0,0,0,0,00010,2020-12
2XXX,CENTRAL AMERICA,00010,COCOA BEANS,363283,363283,0,151416,152382,00010,2020-12
3XXX,SOUTH AMERICA,00010,COCOA BEANS,26384980,26384980,5886,10643923,10648716,00010,2020-12
5600,INDONESIA,00010,COCOA BEANS,68063,68063,0,12700,12700,00010,2021-01
6040,PAPUA NEW GUINEA,00010,COCOA BEANS,1697910,1697910,0,716280,716280,00010,2021-01
3310,ECUADOR,00010,COCOA BEANS,26184356,26184356,3167,9943898,9943898,00010,2021-01
3330,PERU,00010,COCOA BEANS,217192,217192,0,70197,70197,00010,2021-01
3510,BRAZIL,00010,COCOA BEANS,11500,11500,0,3162,3162,00010,2021-01
4210,NETHERLANDS,00010,COCOA BEANS,112280,112280,0,20951,20951,00010,2021-01
4279,FRANCE,00010,COCOA BEANS,3412,3412,0,283,283,00010,2021-01
7420,CAMEROON,00010,COCOA BEANS,8598568,8598568,0,3310605,3310605,00010,2021-01
7480,COTE D'IVOIRE,00010,COCOA BEANS,124467042,124467042,0,7025874,58678975,00010,2021-01
7490,GHANA,00010,COCOA BEANS,13324552,13324552,0,5057583,5057583,00010,2021-01
7530,NIGERIA,00010,COCOA BEANS,593929,593929,0,252640,252640,00010,2021-01
7660,DEMOCRATIC REPUBLIC OF THE CONGO,00010,COCOA BEANS,2238541,2238541,0,853521,853521,00010,2021-01
4419,SWITZERLAND,00010,COCOA BEANS,14172,14172,0,1331,1331,00010,2021-01
4890,TURKEY,00010,COCOA BEANS,2606,2606,0,344,344,00010,2021-01
-,TOTAL FOR ALL COUNTRIES,00010,COCOA BEANS,179077077,179077077,5260,27809109,79462210,00010,2021-01
0003,EUROPEAN UNION,00010,COCOA BEANS,115692,115692,0,21234,21234,00010,2021-01
1XXX,NORTH AMERICA,00010,COCOA BEANS,10451,10451,61,0,0,00010,2021-01
4XXX,EUROPE,00010,COCOA BEANS,132470,132470,0,22909,22909,00010,2021-01
7XXX,AFRICA,00010,COCOA BEANS,149298634,149298634,0,16513448,68166549,00010,2021-01
0014,PACIFIC RIM COUNTRIES,00010,COCOA BEANS,1765973,1765973,0,728980,728980,00010,2021-01
5XXX,ASIA,00010,COCOA BEANS,68063,68063,0,12700,12700,00010,2021-01
0017,CAFTA-DR,00010,COCOA BEANS,1392241,1392241,2032,501315,501315,00010,2021-01
6XXX,AUSTRALIA AND OCEANIA,00010,COCOA BEANS,1697910,1697910,0,716280,716280,00010,2021-01
0020,USMCA (NAFTA),00010,COCOA BEANS,10451,10451,61,0,0,00010,2021-01
0021,TWENTY LATIN AMERICAN REPUBLICS,00010,COCOA BEANS,27880000,27880000,5260,10543772,10543772,00010,2021-01
0022,OECD,00010,COCOA BEANS,142921,142921,61,22909,22909,00010,2021-01
0023,NATO,00010,COCOA BEANS,118298,118298,0,21578,21578,00010,2021-01
0024,LAFTA,00010,COCOA BEANS,26423499,26423499,3228,10017257,10017257,00010,2021-01
0025,EURO AREA,00010,COCOA BEANS,115692,115692,0,21234,21234,00010,2021-01
0026,APEC,00010,COCOA BEANS,1993616,1993616,61,799177,799177,00010,2021-01
0027,ASEAN,00010,COCOA BEANS,68063,68063,0,12700,12700,00010,2021-01
0028,CACM,00010,COCOA BEANS,109032,109032,2032,21759,21759,00010,2021-01
2010,MEXICO,00010,COCOA BEANS,10451,10451,61,0,0,00010,2021-01
2050,GUATEMALA,00010,COCOA BEANS,46800,46800,0,9516,9516,00010,2021-01
2150,HONDURAS,00010,COCOA BEANS,31734,31734,0,8013,8013,00010,2021-01
2230,COSTA RICA,00010,COCOA BEANS,30498,30498,2032,4230,4230,00010,2021-01
2450,HAITI,00010,COCOA BEANS,64260,64260,0,25200,25200,00010,2021-01
2470,DOMINICAN REPUBLIC,00010,COCOA BEANS,1283209,1283209,0,479556,479556,00010,2021-01
7880,MADAGASCAR,00010,COCOA BEANS,76002,76002,0,13225,13225,00010,2021-01
2XXX,CENTRAL AMERICA,00010,COCOA BEANS,1456501,1456501,2032,526515,526515,00010,2021-01
3XXX,SOUTH AMERICA,00010,COCOA BEANS,26413048,26413048,3167,10017257,10017257,00010,2021-01
5520,VIETNAM,00010,COCOA BEANS,31005,31005,0,5491,5491,00010,2021-02
5600,INDONESIA,00010,COCOA BEANS,0,0,0,0,0,00010,2021-02
6040,PAPUA NEW GUINEA,00010,COCOA BEANS,2182120,2182120,0,899675,899675,00010,2021-02
2740,TRINIDAD AND TOBAGO,00010,COCOA BEANS,66250,66250,0,12500,12500,00010,2021-02
3010,COLOMBIA,00010,COCOA BEANS,89674,89674,3240,18054,18054,00010,2021-02
3310,ECUADOR,00010,COCOA BEANS,18551478,18551478,1799,7378331,7378331,00010,2021-02
3330,PERU,00010,COCOA BEANS,912713,912713,0,297008,297008,00010,2021-02
3510,BRAZIL,00010,COCOA BEANS,0,0,0,0,0,00010,2021-02
4210,NETHERLANDS,00010,COCOA BEANS,108640,108640,0,20288,20288,00010,2021-02
4279,FRANCE,00010,COCOA BEANS,13980,13980,0,1384,1384,00010,2021-02
7420,CAMEROON,00010,COCOA BEANS,1296995,1296995,0,516426,516426,00010,2021-02
7480,COTE D'IVOIRE,00010,COCOA BEANS,102143408,102143408,0,10237378,44329497,00010,2021-02
7490,GHANA,00010,COCOA BEANS,1874091,1874091,0,1234178,1234178,00010,2021-02
7530,NIGERIA,00010,COCOA BEANS,9752259,9752259,0,3989422,3989422,00010,2021-02
7660,DEMOCRATIC REPUBLIC OF THE CONGO,00010,COCOA BEANS,355682,355682,0,101646,101646,00010,2021-02
4419,SWITZERLAND,00010,COCOA BEANS,12469,12469,0,991,991,00010,2021-02
4890,TURKEY,00010,COCOA BEANS,0,0,0,0,0,00010,2021-02
-,TOTAL FOR ALL COUNTRIES,00010,COCOA BEANS,139251479,139251479,5039,25364734,59456853,00010,2021-02
0003,EUROPEAN UNION,00010,COCOA BEANS,122620,122620,0,21672,21672,00010,2021-02
1XXX,NORTH AMERICA,00010,COCOA BEANS,13950,13950,0,0,0,00010,2021-02
4XXX,EUROPE,00010,COCOA BEANS,135089,135089,0,22663,22663,00010,2021-02
7XXX,AFRICA,00010,COCOA BEANS,115487705,115487705,0,16092111,50184230,00010,2021-02
0014,PACIFIC RIM COUNTRIES,00010,COCOA BEANS,2182120,2182120,0,899675,899675,00010,2021-02
5XXX,ASIA,00010,COCOA BEANS,31005,31005,0,5491,5491,00010,2021-02
0017,CAFTA-DR,00010,COCOA BEANS,1736849,1736849,0,628901,628901,00010,2021-02
6XXX,AUSTRALIA AND OCEANIA,00010,COCOA BEANS,2182120,2182120,0,899675,899675,00010,2021-02
0020,USMCA (NAFTA),00010,COCOA BEANS,13950,13950,0,0,0,00010,2021-02
0021,TWENTY LATIN AMERICAN REPUBLICS,00010,COCOA BEANS,21304664,21304664,5039,8322294,8322294,00010,2021-02
0022,OECD,00010,COCOA BEANS,149039,149039,0,22663,22663,00010,2021-02
0023,NATO,00010,COCOA BEANS,122620,122620,0,21672,21672,00010,2021-02
0024,LAFTA,00010,COCOA BEANS,19567815,19567815,5039,7693393,7693393,00010,2021-02
0025,EURO AREA,00010,COCOA BEANS,122620,122620,0,21672,21672,00010,2021-02
0026,APEC,00010,COCOA BEANS,3139788,3139788,0,1202174,1202174,00010,2021-02
0027,ASEAN,00010,COCOA BEANS,31005,31005,0,5491,5491,00010,2021-02
0028,CACM,00010,COCOA BEANS,76676,76676,0,19839,19839,00010,2021-02
2010,MEXICO,00010,COCOA BEANS,13950,13950,0,0,0,00010,2021-02
2050,GUATEMALA,00010,COCOA BEANS,2426,2426,0,156,156,00010,2021-02
2080,BELIZE,00010,COCOA BEANS,44646,44646,0,10000,10000,00010,2021-02
2150,HONDURAS,00010,COCOA BEANS,0,0,0,0,0,00010,2021-02
2190,NICARAGUA,00010,COCOA BEANS,74250,74250,0,19683,19683,00010,2021-02
2230,COSTA RICA,00010,COCOA BEANS,0,0,0,0,0,00010,2021-02
2450,HAITI,00010,COCOA BEANS,0,0,0,0,0,00010,2021-02
2470,DOMINICAN REPUBLIC,00010,COCOA BEANS,1660173,1660173,0,609062,609062,00010,2021-02
7830,TANZANIA,00010,COCOA BEANS,65270,65270,0,13061,13061,00010,2021-02
7880,MADAGASCAR,00010,COCOA BEANS,0,0,0,0,0,00010,2021-02
2XXX,CENTRAL AMERICA,00010,COCOA BEANS,1847745,1847745,0,651401,651401,00010,2021-02
3XXX,SOUTH AMERICA,00010,COCOA BEANS,19553865,19553865,5039,7693393,7693393,00010,2021-02
5520,VIETNAM,00010,COCOA BEANS,0,0,0,0,0,00010,2021-03
5600,INDONESIA,00010,COCOA BEANS,0,0,0,0,0,00010,2021-03
6040,PAPUA NEW GUINEA,00010,COCOA BEANS,1150530,1150530,0,487680,487680,00010,2021-03
2740,TRINIDAD AND TOBAGO,00010,COCOA BEANS,0,0,0,0,0,00010,2021-03
3010,COLOMBIA,00010,COCOA BEANS,0,0,0,0,0,00010,2021-03
3070,VENEZUELA,00010,COCOA BEANS,1758510,1758510,0,741602,741602,00010,2021-03
3310,ECUADOR,00010,COCOA BEANS,31283481,31283481,4618,12205413,12205413,00010,2021-03
3330,PERU,00010,COCOA BEANS,3095017,3095017,12267,1050093,1050093,00010,2021-03
3510,BRAZIL,00010,COCOA BEANS,0,0,0,0,0,00010,2021-03
4210,NETHERLANDS,00010,COCOA BEANS,11423,11423,0,0,0,00010,2021-03
4279,FRANCE,00010,COCOA BEANS,20634,20634,0,1875,1875,00010,2021-03
6863,FIJI,00010,COCOA BEANS,5000,5000,0,520,520,00010,2021-03
7420,CAMEROON,00010,COCOA BEANS,2597968,2597968,0,1034128,1034128,00010,2021-03
7480,COTE D'IVOIRE,00010,COCOA BEANS,181726756,181726756,0,13884375,66332488,00010,2021-03
7490,GHANA,00010,COCOA BEANS,38858942,38858942,0,11658309,16738309,00010,2021-03
7530,NIGERIA,00010,COCOA BEANS,9552064,9552064,0,3874277,3874277,00010,2021-03
7630,CONGO,00010,COCOA BEANS,291359,291359,0,101646,101646,00010,2021-03
7660,DEMOCRATIC REPUBLIC OF THE CONGO,00010,COCOA BEANS,1335083,1335083,0,482346,482346,00010,2021-03
7780,UGANDA,00010,COCOA BEANS,56250,56250,0,12700,12700,00010,2021-03
4419,SWITZERLAND,00010,COCOA BEANS,23877,23877,197,1872,1872,00010,2021-03
4890,TURKEY,00010,COCOA BEANS,0,0,0,0,0,00010,2021-03
-,TOTAL FOR ALL COUNTRIES,00010,COCOA BEANS,275882632,275882632,17082,47012199,104540312,00010,2021-03
0003,EUROPEAN UNION,00010,COCOA BEANS,32057,32057,0,1875,1875,00010,2021-03
1XXX,NORTH AMERICA,00010,COCOA BEANS,0,0,0,0,0,00010,2021-03
4XXX,EUROPE,00010,COCOA BEANS,55934,55934,197,3747,3747,00010,2021-03
7XXX,AFRICA,00010,COCOA BEANS,234493422,234493422,0,31063156,88591269,00010,2021-03
0014,PACIFIC RIM COUNTRIES,00010,COCOA BEANS,1150530,1150530,0,487680,487680,00010,2021-03
5XXX,ASIA,00010,COCOA BEANS,0,0,0,0,0,00010,2021-03
0017,CAFTA-DR,00010,COCOA BEANS,3997268,3997268,0,1447365,1447365,00010,2021-03
6XXX,AUSTRALIA AND OCEANIA,00010,COCOA BEANS,1155530,1155530,0,488200,488200,00010,2021-03
0020,USMCA (NAFTA),00010,COCOA BEANS,0,0,0,0,0,00010,2021-03
0021,TWENTY LATIN AMERICAN REPUBLICS,00010,COCOA BEANS,40177746,40177746,16885,15457096,15457096,00010,2021-03
0022,OECD,00010,COCOA BEANS,55934,55934,197,3747,3747,00010,2021-03
0023,NATO,00010,COCOA BEANS,32057,32057,0,1875,1875,00010,2021-03
0024,LAFTA,00010,COCOA BEANS,36137008,36137008,16885,13997108,13997108,00010,2021-03
0025,EURO AREA,00010,COCOA BEANS,32057,32057,0,1875,1875,00010,2021-03
0026,APEC,00010,COCOA BEANS,4245547,4245547,12267,1537773,1537773,00010,2021-03
0027,ASEAN,00010,COCOA BEANS,0,0,0,0,0,00010,2021-03
0028,CACM,00010,COCOA BEANS,9472,9472,0,2519,2519,00010,2021-03
2010,MEXICO,00010,COCOA BEANS,0,0,0,0,0,00010,2021-03
2050,GUATEMALA,00010,COCOA BEANS,2436,2436,0,760,760,00010,2021-03
2080,BELIZE,00010,COCOA BEANS,0,0,0,0,0,00010,2021-03
2110,EL SALVADOR,00010,COCOA BEANS,7036,7036,0,1759,1759,00010,2021-03
2150,HONDURAS,00010,COCOA BEANS,0,0,0,0,0,00010,2021-03
2190,NICARAGUA,00010,COCOA BEANS,0,0,0,0,0,00010,2021-03
2230,COSTA RICA,00010,COCOA BEANS,0,0,0,0,0,00010,2021-03
2450,HAITI,00010,COCOA BEANS,43470,43470,0,12623,12623,00010,2021-03
2470,DOMINICAN REPUBLIC,00010,COCOA BEANS,3987796,3987796,0,1444846,1444846,00010,2021-03
7830,TANZANIA,00010,COCOA BEANS,75000,75000,0,15375,15375,00010,2021-03
7880,MADAGASCAR,00010,COCOA BEANS,0,0,0,0,0,00010,2021-03
2XXX,CENTRAL AMERICA,00010,COCOA BEANS,4040738,4040738,0,1459988,1459988,00010,2021-03
3XXX,SOUTH AMERICA,00010,COCOA BEANS,36137008,36137008,16885,13997108,13997108,00010,2021-03
5330,INDIA,00010,COCOA BEANS,44427,44427,0,7616,7616,00010,2021-04
5520,VIETNAM,00010,COCOA BEANS,0,0,0,0,0,00010,2021-04
5600,INDONESIA,00010,COCOA BEANS,0,0,0,0,0,00010,2021-04
6040,PAPUA NEW GUINEA,00010,COCOA BEANS,1697809,1697809,0,701040,701040,00010,2021-04
2489,GRENADA,00010,COCOA BEANS,3950,3950,1015,0,0,00010,2021-04
2740,TRINIDAD AND TOBAGO,00010,COCOA BEANS,3900,3900,136,0,0,00010,2021-04
3010,COLOMBIA,00010,COCOA BEANS,174054,174054,0,63927,63927,00010,2021-04
3070,VENEZUELA,00010,COCOA BEANS,1295235,1295235,0,636574,636574,00010,2021-04
3310,ECUADOR,00010,COCOA BEANS,14857431,14857431,1525,5866742,5866742,00010,2021-04
3330,PERU,00010,COCOA BEANS,2192132,2192132,0,715440,715440,00010,2021-04
3510,BRAZIL,00010,COCOA BEANS,0,0,0,0,0,00010,2021-04
4210,NETHERLANDS,00010,COCOA BEANS,11851,11851,0,0,0,00010,2021-04
4279,FRANCE,00010,COCOA BEANS,6990,6990,0,600,600,00010,2021-04
6863,FIJI,00010,COCOA BEANS,0,0,0,0,0,00010,2021-04
7420,CAMEROON,00010,COCOA BEANS,0,0,0,0,0,00010,2021-04
7480,COTE D'IVOIRE,00010,COCOA BEANS,112395246,112395246,0,8885148,50807303,00010,2021-04
7490,GHANA,00010,COCOA BEANS,23132008,23132008,0,11216239,11216239,00010,2021-04
7530,NIGERIA,00010,COCOA BEANS,19165456,19165456,0,2647974,8508406,00010,2021-04
7630,CONGO,00010,COCOA BEANS,284962,284962,0,100986,100986,00010,2021-04
7660,DEMOCRATIC REPUBLIC OF THE CONGO,00010,COCOA BEANS,757951,757951,0,279484,279484,00010,2021-04
7780,UGANDA,00010,COCOA BEANS,0,0,0,0,0,00010,2021-04
4419,SWITZERLAND,00010,COCOA BEANS,11683,11683,0,985,985,00010,2021-04
4890,TURKEY,00010,COCOA BEANS,3270,3270,0,600,600,00010,2021-04
-,TOTAL FOR ALL COUNTRIES,00010,COCOA BEANS,181148770,181148770,2676,32831679,80614266,00010,2021-04
0003,EUROPEAN UNION,00010,COCOA BEANS,18841,18841,0,600,600,00010,2021-04
1XXX,NORTH AMERICA,00010,COCOA BEANS,0,0,0,0,0,00010,2021-04
4XXX,EUROPE,00010,COCOA BEANS,33794,33794,0,2185,2185,00010,2021-04
7XXX,AFRICA,00010,COCOA BEANS,155949681,155949681,0,23205795,70988382,00010,2021-04
0014,PACIFIC RIM COUNTRIES,00010,COCOA BEANS,1697809,1697809,0,701040,701040,00010,2021-04
5XXX,ASIA,00010,COCOA BEANS,44427,44427,0,7616,7616,00010,2021-04
0017,CAFTA-DR,00010,COCOA BEANS,4896357,4896357,0,1632360,1632360,00010,2021-04
6XXX,AUSTRALIA AND OCEANIA,00010,COCOA BEANS,1697809,1697809,0,701040,701040,00010,2021-04
0020,USMCA (NAFTA),00010,COCOA BEANS,0,0,0,0,0,00010,2021-04
0021,TWENTY LATIN AMERICAN REPUBLICS,00010,COCOA BEANS,23415209,23415209,1525,8915043,8915043,00010,2021-04
0022,OECD,00010,COCOA BEANS,33794,33794,0,2185,2185,00010,2021-04
0023,NATO,00010,COCOA BEANS,22111,22111,0,1200,1200,00010,2021-04
0024,LAFTA,00010,COCOA BEANS,18518852,18518852,1525,7282683,7282683,00010,2021-04
0025,EURO AREA,00010,COCOA BEANS,18841,18841,0,600,600,00010,2021-04
0026,APEC,00010,COCOA BEANS,3889941,3889941,0,1416480,1416480,00010,2021-04
0027,ASEAN,00010,COCOA BEANS,0,0,0,0,0,00010,2021-04
0028,CACM,00010,COCOA BEANS,61704,61704,0,15914,15914,00010,2021-04
2010,MEXICO,00010,COCOA BEANS,0,0,0,0,0,00010,2021-04
2050,GUATEMALA,00010,COCOA BEANS,6750,6750,0,1534,1534,00010,2021-04
2080,BELIZE,00010,COCOA BEANS,0,0,0,0,0,00010,2021-04
2110,EL SALVADOR,00010,COCOA BEANS,2304,2304,0,1599,1599,00010,2021-04
2150,HONDURAS,00010,COCOA BEANS,0,0,0,0,0,00010,2021-04
2190,NICARAGUA,00010,COCOA BEANS,52650,52650,0,12781,12781,00010,2021-04
2230,COSTA RICA,00010,COCOA BEANS,0,0,0,0,0,00010,2021-04
2450,HAITI,00010,COCOA BEANS,0,0,0,0,0,00010,2021-04
2470,DOMINICAN REPUBLIC,00010,COCOA BEANS,4834653,4834653,0,1616446,1616446,00010,2021-04
7830,TANZANIA,00010,COCOA BEANS,214058,214058,0,75964,75964,00010,2021-04
7880,MADAGASCAR,00010,COCOA BEANS,0,0,0,0,0,00010,2021-04
2XXX,CENTRAL AMERICA,00010,COCOA BEANS,4904207,4904207,1151,1632360,1632360,00010,2021-04
3XXX,SOUTH AMERICA,00010,COCOA BEANS,18518852,18518852,1525,7282683,7282683,00010,2021-04
5330,INDIA,00010,COCOA BEANS,0,0,0,0,0,00010,2021-05
5520,VIETNAM,00010,COCOA BEANS,0,0,0,0,0,00010,2021-05
5600,INDONESIA,00010,COCOA BEANS,0,0,0,0,0,00010,2021-05
5650,PHILIPPINES,00010,COCOA BEANS,28000,28000,0,8000,8000,00010,2021-05
6040,PAPUA NEW GUINEA,00010,COCOA BEANS,1663545,1663545,0,685800,685800,00010,2021-05
2489,GRENADA,00010,COCOA BEANS,0,0,0,0,0,00010,2021-05
2740,TRINIDAD AND TOBAGO,00010,COCOA BEANS,0,0,0,0,0,00010,2021-05
3010,COLOMBIA,00010,COCOA BEANS,70440,70440,0,20234,20234,00010,2021-05
3070,VENEZUELA,00010,COCOA BEANS,0,0,0,0,0,00010,2021-05
3310,ECUADOR,00010,COCOA BEANS,16199110,16199110,1938,6560786,6560786,00010,2021-05
3330,PERU,00010,COCOA BEANS,728449,728449,0,203533,205434,00010,2021-05
3510,BRAZIL,00010,COCOA BEANS,0,0,0,0,0,00010,2021-05
4210,NETHERLANDS,00010,COCOA BEANS,2972,2972,0,0,0,00010,2021-05
4279,FRANCE,00010,COCOA BEANS,20970,20970,0,2138,2138,00010,2021-05
6863,FIJI,00010,COCOA BEANS,0,0,0,0,0,00010,2021-05
7420,CAMEROON,00010,COCOA BEANS,0,0,0,0,0,00010,2021-05
7480,COTE D'IVOIRE,00010,COCOA BEANS,59758087,59758087,0,5332262,41497364,00010,2021-05
7490,GHANA,00010,COCOA BEANS,23475127,23475127,0,11523785,11523785,00010,2021-05
7530,NIGERIA,00010,COCOA BEANS,4955467,4955467,0,1870216,1870216,00010,2021-05
7630,CONGO,00010,COCOA BEANS,1522629,1522629,0,557369,557369,00010,2021-05
7660,DEMOCRATIC REPUBLIC OF THE CONGO,00010,COCOA BEANS,422503,422503,0,151632,151632,00010,2021-05
7780,UGANDA,00010,COCOA BEANS,193707,193707,0,51813,51813,00010,2021-05
4419,SWITZERLAND,00010,COCOA BEANS,23949,23949,0,4221,4221,00010,2021-05
4890,TURKEY,00010,COCOA BEANS,0,0,0,0,0,00010,2021-05
-,TOTAL FOR ALL COUNTRIES,00010,COCOA BEANS,116906828,116906828,1938,29833081,66000084,00010,2021-05
0003,EUROPEAN UNION,00010,COCOA BEANS,23942,23942,0,2138,2138,00010,2021-05
1XXX,NORTH AMERICA,00010,COCOA BEANS,12466,12466,0,0,0,00010,2021-05
4XXX,EUROPE,00010,COCOA BEANS,47891,47891,0,6359,6359,00010,2021-05
7XXX,AFRICA,00010,COCOA BEANS,90474669,90474669,0,19526145,55691247,00010,2021-05
0014,PACIFIC RIM COUNTRIES,00010,COCOA BEANS,1691545,1691545,0,693800,693800,00010,2021-05
5XXX,ASIA,00010,COCOA BEANS,28000,28000,0,8000,8000,00010,2021-05
0017,CAFTA-DR,00010,COCOA BEANS,7211627,7211627,0,2598076,2598076,00010,2021-05
6XXX,AUSTRALIA AND OCEANIA,00010,COCOA BEANS,1663545,1663545,0,685800,685800,00010,2021-05
0020,USMCA (NAFTA),00010,COCOA BEANS,12466,12466,0,0,0,00010,2021-05
0021,TWENTY LATIN AMERICAN REPUBLICS,00010,COCOA BEANS,24692723,24692723,1938,9606777,9608678,00010,2021-05
0022,OECD,00010,COCOA BEANS,60357,60357,0,6359,6359,00010,2021-05
0023,NATO,00010,COCOA BEANS,23942,23942,0,2138,2138,00010,2021-05
0024,LAFTA,00010,COCOA BEANS,17010465,17010465,1938,6784553,6786454,00010,2021-05
0025,EURO AREA,00010,COCOA BEANS,23942,23942,0,2138,2138,00010,2021-05
0026,APEC,00010,COCOA BEANS,2432460,2432460,0,897333,899234,00010,2021-05
0027,ASEAN,00010,COCOA BEANS,28000,28000,0,8000,8000,00010,2021-05
0028,CACM,00010,COCOA BEANS,13500,13500,0,8123,8123,00010,2021-05
2010,MEXICO,00010,COCOA BEANS,12466,12466,0,0,0,00010,2021-05
2050,GUATEMALA,00010,COCOA BEANS,0,0,0,0,0,00010,2021-05
2080,BELIZE,00010,COCOA BEANS,0,0,0,0,0,00010,2021-05
2110,EL SALVADOR,00010,COCOA BEANS,0,0,0,0,0,00010,2021-05
2150,HONDURAS,00010,COCOA BEANS,0,0,0,0,0,00010,2021-05
2190,NICARAGUA,00010,COCOA BEANS,13500,13500,0,8123,8123,00010,2021-05
2230,COSTA RICA,00010,COCOA BEANS,0,0,0,0,0,00010,2021-05
2450,HAITI,00010,COCOA BEANS,470631,470631,0,224148,224148,00010,2021-05
2470,DOMINICAN REPUBLIC,00010,COCOA BEANS,7198127,7198127,0,2589953,2589953,00010,2021-05
7830,TANZANIA,00010,COCOA BEANS,147149,147149,0,39068,39068,00010,2021-05
7880,MADAGASCAR,00010,COCOA BEANS,0,0,0,0,0,00010,2021-05
2XXX,CENTRAL AMERICA,00010,COCOA BEANS,7682258,7682258,0,2822224,2822224,00010,2021-05
3XXX,SOUTH AMERICA,00010,COCOA BEANS,16997999,16997999,1938,6784553,6786454,00010,2021-05
5330,INDIA,00010,COCOA BEANS,0,0,0,0,0,00010,2021-06
5520,VIETNAM,00010,COCOA BEANS,0,0,0,0,0,00010,2021-06
5600,INDONESIA,00010,COCOA BEANS,0,0,0,0,0,00010,2021-06
5650,PHILIPPINES,00010,COCOA BEANS,0,0,0,0,0,00010,2021-06
6040,PAPUA NEW GUINEA,00010,COCOA BEANS,1804035,1804035,0,716280,716280,00010,2021-06
2489,GRENADA,00010,COCOA BEANS,0,0,0,0,0,00010,2021-06
2740,TRINIDAD AND TOBAGO,00010,COCOA BEANS,66250,66250,0,12500,12500,00010,2021-06
3010,COLOMBIA,00010,COCOA BEANS,152520,152520,0,52982,52982,00010,2021-06
3070,VENEZUELA,00010,COCOA BEANS,1354797,1354797,0,562017,562017,00010,2021-06
3310,ECUADOR,00010,COCOA BEANS,16498555,16498555,2118,6704090,6704090,00010,2021-06
3330,PERU,00010,COCOA BEANS,1651933,1651933,329,588308,588308,00010,2021-06
3510,BRAZIL,00010,COCOA BEANS,0,0,0,0,0,00010,2021-06
4210,NETHERLANDS,00010,COCOA BEANS,0,0,0,0,0,00010,2021-06
4279,FRANCE,00010,COCOA BEANS,6291,6291,0,616,616,00010,2021-06
6863,FIJI,00010,COCOA BEANS,0,0,0,0,0,00010,2021-06
7420,CAMEROON,00010,COCOA BEANS,0,0,0,0,0,00010,2021-06
7480,COTE D'IVOIRE,00010,COCOA BEANS,57767625,57767625,0,7311020,33695834,00010,2021-06
7490,GHANA,00010,COCOA BEANS,11028175,11028175,0,6817716,6817716,00010,2021-06
7530,NIGERIA,00010,COCOA BEANS,1293911,1293911,0,483019,483019,00010,2021-06
7630,CONGO,00010,COCOA BEANS,144667,144667,0,50530,50530,00010,2021-06
7660,DEMOCRATIC REPUBLIC OF THE CONGO,00010,COCOA BEANS,2946193,2946193,0,1115247,1115247,00010,2021-06
7780,UGANDA,00010,COCOA BEANS,0,0,0,0,0,00010,2021-06
4419,SWITZERLAND,00010,COCOA BEANS,36849,36849,0,3122,3122,00010,2021-06
4759,ITALY,00010,COCOA BEANS,2257,2257,45,0,0,00010,2021-06
4890,TURKEY,00010,COCOA BEANS,0,0,0,0,0,00010,2021-06
-,TOTAL FOR ALL COUNTRIES,00010,COCOA BEANS,101095088,101095088,2492,26711251,53096065,00010,2021-06
0003,EUROPEAN UNION,00010,COCOA BEANS,8548,8548,45,616,616,00010,2021-06
1XXX,NORTH AMERICA,00010,COCOA BEANS,20990,20990,0,0,0,00010,2021-06
4XXX,EUROPE,00010,COCOA BEANS,45397,45397,45,3738,3738,00010,2021-06
7XXX,AFRICA,00010,COCOA BEANS,73526501,73526501,0,15901584,42286398,00010,2021-06
0014,PACIFIC RIM COUNTRIES,00010,COCOA BEANS,1804035,1804035,0,716280,716280,00010,2021-06
5XXX,ASIA,00010,COCOA BEANS,0,0,0,0,0,00010,2021-06
0017,CAFTA-DR,00010,COCOA BEANS,5895322,5895322,0,2154504,2154504,00010,2021-06
6XXX,AUSTRALIA AND OCEANIA,00010,COCOA BEANS,1804035,1804035,0,716280,716280,00010,2021-06
0020,USMCA (NAFTA),00010,COCOA BEANS,20990,20990,0,0,0,00010,2021-06
0021,TWENTY LATIN AMERICAN REPUBLICS,00010,COCOA BEANS,25574117,25574117,2447,10061901,10061901,00010,2021-06
0022,OECD,00010,COCOA BEANS,66387,66387,45,3738,3738,00010,2021-06
0023,NATO,00010,COCOA BEANS,8548,8548,45,616,616,00010,2021-06
0024,LAFTA,00010,COCOA BEANS,19678795,19678795,2447,7907397,7907397,00010,2021-06
0025,EURO AREA,00010,COCOA BEANS,8548,8548,45,616,616,00010,2021-06
0026,APEC,00010,COCOA BEANS,3476958,3476958,329,1304588,1304588,00010,2021-06
0027,ASEAN,00010,COCOA BEANS,0,0,0,0,0,00010,2021-06
0028,CACM,00010,COCOA BEANS,18240,18240,0,4121,4121,00010,2021-06
2010,MEXICO,00010,COCOA BEANS,20990,20990,0,0,0,00010,2021-06
2050,GUATEMALA,00010,COCOA BEANS,0,0,0,0,0,00010,2021-06
2080,BELIZE,00010,COCOA BEANS,78788,78788,0,15248,15248,00010,2021-06
2110,EL SALVADOR,00010,COCOA BEANS,3240,3240,0,924,924,00010,2021-06
2150,HONDURAS,00010,COCOA BEANS,0,0,0,0,0,00010,2021-06
2190,NICARAGUA,00010,COCOA BEANS,0,0,0,0,0,00010,2021-06
2230,COSTA RICA,00010,COCOA BEANS,15000,15000,0,3197,3197,00010,2021-06
2450,HAITI,00010,COCOA BEANS,0,0,0,0,0,00010,2021-06
2470,DOMINICAN REPUBLIC,00010,COCOA BEANS,5877082,5877082,0,2150383,2150383,00010,2021-06
7830,TANZANIA,00010,COCOA BEANS,345930,345930,0,124052,124052,00010,2021-06
7880,MADAGASCAR,00010,COCOA BEANS,0,0,0,0,0,00010,2021-06
2XXX,CENTRAL AMERICA,00010,COCOA BEANS,6040360,6040360,0,2182252,2182252,00010,2021-06
3XXX,SOUTH AMERICA,00010,COCOA BEANS,19657805,19657805,2447,7907397,7907397,00010,2021-06
5330,INDIA,00010,COCOA BEANS,31948,31948,0,4278,4278,00010,2021-07
5520,VIETNAM,00010,COCOA BEANS,35100,35100,0,6240,6240,00010,2021-07
5600,INDONESIA,00010,COCOA BEANS,5225,5225,0,1125,1125,00010,2021-07
5650,PHILIPPINES,00010,COCOA BEANS,0,0,0,0,0,00010,2021-07
6040,PAPUA NEW GUINEA,00010,COCOA BEANS,2444640,2444640,0,867390,867390,00010,2021-07
2489,GRENADA,00010,COCOA BEANS,0,0,0,0,0,00010,2021-07
2740,TRINIDAD AND TOBAGO,00010,COCOA BEANS,0,0,0,0,0,00010,2021-07
3010,COLOMBIA,00010,COCOA BEANS,0,0,0,0,0,00010,2021-07
3070,VENEZUELA,00010,COCOA BEANS,0,0,0,0,0,00010,2021-07
3310,ECUADOR,00010,COCOA BEANS,8086715,8086715,1186,3388600,3388600,00010,2021-07
3330,PERU,00010,COCOA BEANS,952490,952490,0,280931,280931,00010,2021-07
3510,BRAZIL,00010,COCOA BEANS,0,0,0,0,0,00010,2021-07
4210,NETHERLANDS,00010,COCOA BEANS,47288,47288,0,12611,12611,00010,2021-07
4279,FRANCE,00010,COCOA BEANS,36002,36002,0,3516,3516,00010,2021-07
6863,FIJI,00010,COCOA BEANS,0,0,0,0,0,00010,2021-07
7420,CAMEROON,00010,COCOA BEANS,22329,22329,0,8991,8991,00010,2021-07
7480,COTE D'IVOIRE,00010,COCOA BEANS,14516856,14516856,0,5859238,5859238,00010,2021-07
7490,GHANA,00010,COCOA BEANS,3883955,3883955,0,1980700,1980700,00010,2021-07
7530,NIGERIA,00010,COCOA BEANS,3785302,3785302,0,1502706,1502706,00010,2021-07
7630,CONGO,00010,COCOA BEANS,0,0,0,0,0,00010,2021-07
7660,DEMOCRATIC REPUBLIC OF THE CONGO,00010,COCOA BEANS,792803,792803,0,304499,304499,00010,2021-07
7780,UGANDA,00010,COCOA BEANS,56250,56250,0,12700,12700,00010,2021-07
4419,SWITZERLAND,00010,COCOA BEANS,34597,34597,0,2709,2709,00010,2021-07
4759,ITALY,00010,COCOA BEANS,0,0,0,0,0,00010,2021-07
4890,TURKEY,00010,COCOA BEANS,0,0,0,0,0,00010,2021-07
-,TOTAL FOR ALL COUNTRIES,00010,COCOA BEANS,40566316,40566316,2104,16452483,16453480,00010,2021-07
0003,EUROPEAN UNION,00010,COCOA BEANS,83290,83290,0,16127,16127,00010,2021-07
1XXX,NORTH AMERICA,00010,COCOA BEANS,35251,35251,0,0,0,00010,2021-07
4XXX,EUROPE,00010,COCOA BEANS,117887,117887,0,18836,18836,00010,2021-07
7XXX,AFRICA,00010,COCOA BEANS,23057495,23057495,0,9668834,9668834,00010,2021-07
0014,PACIFIC RIM COUNTRIES,00010,COCOA BEANS,2449865,2449865,0,868515,868515,00010,2021-07
5XXX,ASIA,00010,COCOA BEANS,72273,72273,0,11643,11643,00010,2021-07
0017,CAFTA-DR,00010,COCOA BEANS,5546615,5546615,918,2167004,2167004,00010,2021-07
6XXX,AUSTRALIA AND OCEANIA,00010,COCOA BEANS,2444640,2444640,0,867390,867390,00010,2021-07
0020,USMCA (NAFTA),00010,COCOA BEANS,35251,35251,0,0,0,00010,2021-07
0021,TWENTY LATIN AMERICAN REPUBLICS,00010,COCOA BEANS,14625271,14625271,2104,5836535,5837532,00010,2021-07
0022,OECD,00010,COCOA BEANS,153138,153138,0,18836,18836,00010,2021-07
0023,NATO,00010,COCOA BEANS,83290,83290,0,16127,16127,00010,2021-07
0024,LAFTA,00010,COCOA BEANS,9074456,9074456,1186,3669531,3669531,00010,2021-07
0025,EURO AREA,00010,COCOA BEANS,83290,83290,0,16127,16127,00010,2021-07
0026,APEC,00010,COCOA BEANS,3472706,3472706,0,1155686,1155686,00010,2021-07
0027,ASEAN,00010,COCOA BEANS,40325,40325,0,7365,7365,00010,2021-07
0028,CACM,00010,COCOA BEANS,16878,16878,918,3448,3448,00010,2021-07
2010,MEXICO,00010,COCOA BEANS,35251,35251,0,0,0,00010,2021-07
2050,GUATEMALA,00010,COCOA BEANS,9315,9315,918,1612,1612,00010,2021-07
2080,BELIZE,00010,COCOA BEANS,248750,248750,0,49245,49245,00010,2021-07
2110,EL SALVADOR,00010,COCOA BEANS,0,0,0,0,0,00010,2021-07
2150,HONDURAS,00010,COCOA BEANS,7563,7563,0,1836,1836,00010,2021-07
2190,NICARAGUA,00010,COCOA BEANS,0,0,0,0,0,00010,2021-07
2230,COSTA RICA,00010,COCOA BEANS,0,0,0,0,0,00010,2021-07
2450,HAITI,00010,COCOA BEANS,4200,4200,0,0,997,00010,2021-07
2470,DOMINICAN REPUBLIC,00010,COCOA BEANS,5529737,5529737,0,2163556,2163556,00010,2021-07
7830,TANZANIA,00010,COCOA BEANS,0,0,0,0,0,00010,2021-07
7880,MADAGASCAR,00010,COCOA BEANS,0,0,0,0,0,00010,2021-07
2XXX,CENTRAL AMERICA,00010,COCOA BEANS,5799565,5799565,918,2216249,2217246,00010,2021-07
3XXX,SOUTH AMERICA,00010,COCOA BEANS,9039205,9039205,1186,3669531,3669531,00010,2021-07
5330,INDIA,00010,COCOA BEANS,58770,58770,0,9045,9045,00010,2021-08
5520,VIETNAM,00010,COCOA BEANS,0,0,0,0,0,00010,2021-08
5600,INDONESIA,00010,COCOA BEANS,148017,148017,0,22181,22181,00010,2021-08
5650,PHILIPPINES,00010,COCOA BEANS,0,0,0,0,0,00010,2021-08
6040,PAPUA NEW GUINEA,00010,COCOA BEANS,1869360,1869360,0,807720,807720,00010,2021-08
2489,GRENADA,00010,COCOA BEANS,0,0,0,0,0,00010,2021-08
2740,TRINIDAD AND TOBAGO,00010,COCOA BEANS,75100,75100,299,14750,14750,00010,2021-08
3010,COLOMBIA,00010,COCOA BEANS,156753,156753,0,35191,35191,00010,2021-08
3070,VENEZUELA,00010,COCOA BEANS,0,0,0,0,0,00010,2021-08
3310,ECUADOR,00010,COCOA BEANS,10887212,10887212,4079,4551429,4551429,00010,2021-08
3330,PERU,00010,COCOA BEANS,1386037,1386037,1000,485997,485997,00010,2021-08
3350,BOLIVIA,00010,COCOA BEANS,7192,7192,0,9739,9739,00010,2021-08
3510,BRAZIL,00010,COCOA BEANS,0,0,0,0,0,00010,2021-08
4210,NETHERLANDS,00010,COCOA BEANS,0,0,0,0,0,00010,2021-08
4279,FRANCE,00010,COCOA BEANS,25747,25747,0,2963,2963,00010,2021-08
6863,FIJI,00010,COCOA BEANS,0,0,0,0,0,00010,2021-08
7420,CAMEROON,00010,COCOA BEANS,0,0,0,0,0,00010,2021-08
7480,COTE D'IVOIRE,00010,COCOA BEANS,7201993,7201993,0,3135800,3135800,00010,2021-08
7490,GHANA,00010,COCOA BEANS,5526410,5526410,0,3509873,3509873,00010,2021-08
7530,NIGERIA,00010,COCOA BEANS,577418,577418,0,254000,254000,00010,2021-08
7630,CONGO,00010,COCOA BEANS,254324,254324,0,101000,101000,00010,2021-08
7660,DEMOCRATIC REPUBLIC OF THE CONGO,00010,COCOA BEANS,2247696,2247696,0,861736,861736,00010,2021-08
7780,UGANDA,00010,COCOA BEANS,0,0,0,0,0,00010,2021-08
4419,SWITZERLAND,00010,COCOA BEANS,31459,31459,0,3191,3191,00010,2021-08
4759,ITALY,00010,COCOA BEANS,0,0,0,0,0,00010,2021-08
4890,TURKEY,00010,COCOA BEANS,0,0,0,0,0,00010,2021-08
-,TOTAL FOR ALL COUNTRIES,00010,COCOA BEANS,33907120,33907120,5963,15121348,15121348,00010,2021-08
0003,EUROPEAN UNION,00010,COCOA BEANS,25747,25747,0,2963,2963,00010,2021-08
1XXX,NORTH AMERICA,00010,COCOA BEANS,0,0,0,0,0,00010,2021-08
4XXX,EUROPE,00010,COCOA BEANS,57206,57206,0,6154,6154,00010,2021-08
7XXX,AFRICA,00010,COCOA BEANS,15888179,15888179,0,7887400,7887400,00010,2021-08
0014,PACIFIC RIM COUNTRIES,00010,COCOA BEANS,2017377,2017377,0,829901,829901,00010,2021-08
5XXX,ASIA,00010,COCOA BEANS,206787,206787,0,31226,31226,00010,2021-08
0017,CAFTA-DR,00010,COCOA BEANS,2666602,2666602,585,1012258,1012258,00010,2021-08
6XXX,AUSTRALIA AND OCEANIA,00010,COCOA BEANS,1869360,1869360,0,807720,807720,00010,2021-08
0020,USMCA (NAFTA),00010,COCOA BEANS,0,0,0,0,0,00010,2021-08
0021,TWENTY LATIN AMERICAN REPUBLICS,00010,COCOA BEANS,15810488,15810488,5664,6374098,6374098,00010,2021-08
0022,OECD,00010,COCOA BEANS,57206,57206,0,6154,6154,00010,2021-08
0023,NATO,00010,COCOA BEANS,25747,25747,0,2963,2963,00010,2021-08
0024,LAFTA,00010,COCOA BEANS,12437194,12437194,5079,5082356,5082356,00010,2021-08
0025,EURO AREA,00010,COCOA BEANS,25747,25747,0,2963,2963,00010,2021-08
0026,APEC,00010,COCOA BEANS,3403414,3403414,1000,1315898,1315898,00010,2021-08
0027,ASEAN,00010,COCOA BEANS,148017,148017,0,22181,22181,00010,2021-08
0028,CACM,00010,COCOA BEANS,65689,65689,211,16570,16570,00010,2021-08
2010,MEXICO,00010,COCOA BEANS,0,0,0,0,0,00010,2021-08
2050,GUATEMALA,00010,COCOA BEANS,0,0,0,0,0,00010,2021-08
2080,BELIZE,00010,COCOA BEANS,0,0,0,0,0,00010,2021-08
2110,EL SALVADOR,00010,COCOA BEANS,8910,8910,0,2538,2538,00010,2021-08
2150,HONDURAS,00010,COCOA BEANS,0,0,0,0,0,00010,2021-08
2190,NICARAGUA,00010,COCOA BEANS,38389,38389,211,9968,9968,00010,2021-08
2230,COSTA RICA,00010,COCOA BEANS,18390,18390,0,4064,4064,00010,2021-08
2450,HAITI,00010,COCOA BEANS,706692,706692,0,279484,279484,00010,2021-08
2470,DOMINICAN REPUBLIC,00010,COCOA BEANS,2600913,2600913,374,995688,995688,00010,2021-08
7830,TANZANIA,00010,COCOA BEANS,45840,45840,0,11756,11756,00010,2021-08
7880,MADAGASCAR,00010,COCOA BEANS,34498,34498,0,13235,13235,00010,2021-08
2XXX,CENTRAL AMERICA,00010,COCOA BEANS,3448394,3448394,884,1306492,1306492,00010,2021-08
3XXX,SOUTH AMERICA,00010,COCOA BEANS,12437194,12437194,5079,5082356,5082356,00010,2021-08
5330,INDIA,00010,COCOA BEANS,5568,5568,0,1300,1300,00010,2021-09
5520,VIETNAM,00010,COCOA BEANS,0,0,0,0,0,00010,2021-09
5600,INDONESIA,00010,COCOA BEANS,0,0,0,0,0,00010,2021-09
5650,PHILIPPINES,00010,COCOA BEANS,0,0,0,0,0,00010,2021-09
6040,PAPUA NEW GUINEA,00010,COCOA BEANS,904200,904200,0,396240,396240,00010,2021-09
2489,GRENADA,00010,COCOA BEANS,0,0,0,0,0,00010,2021-09
2740,TRINIDAD AND TOBAGO,00010,COCOA BEANS,0,0,0,0,0,00010,2021-09
3010,COLOMBIA,00010,COCOA BEANS,350384,350384,0,130220,130220,00010,2021-09
3070,VENEZUELA,00010,COCOA BEANS,0,0,0,0,0,00010,2021-09
3310,ECUADOR,00010,COCOA BEANS,17795774,17795774,906,7244099,7244099,00010,2021-09
3330,PERU,00010,COCOA BEANS,2810135,2810135,3168,1055092,1055751,00010,2021-09
3350,BOLIVIA,00010,COCOA BEANS,0,0,0,0,0,00010,2021-09
3510,BRAZIL,00010,COCOA BEANS,0,0,0,0,0,00010,2021-09
4210,NETHERLANDS,00010,COCOA BEANS,0,0,0,0,0,00010,2021-09
4279,FRANCE,00010,COCOA BEANS,7154,7154,0,734,734,00010,2021-09
6863,FIJI,00010,COCOA BEANS,0,0,0,0,0,00010,2021-09
7420,CAMEROON,00010,COCOA BEANS,0,0,0,0,0,00010,2021-09
7480,COTE D'IVOIRE,00010,COCOA BEANS,51957703,51957703,0,12312272,18936387,00010,2021-09
7490,GHANA,00010,COCOA BEANS,982582,982582,0,665056,665056,00010,2021-09
7530,NIGERIA,00010,COCOA BEANS,1241676,1241676,0,525693,525693,00010,2021-09
7630,CONGO,00010,COCOA BEANS,0,0,0,0,0,00010,2021-09
7660,DEMOCRATIC REPUBLIC OF THE CONGO,00010,COCOA BEANS,382203,382203,0,151588,151588,00010,2021-09
7780,UGANDA,00010,COCOA BEANS,0,0,0,0,0,00010,2021-09
4419,SWITZERLAND,00010,COCOA BEANS,5589,5589,0,472,472,00010,2021-09
4759,ITALY,00010,COCOA BEANS,16136,16136,0,959,959,00010,2021-09
4890,TURKEY,00010,COCOA BEANS,2268,2268,0,470,470,00010,2021-09
-,TOTAL FOR ALL COUNTRIES,00010,COCOA BEANS,79820259,79820259,4337,23781481,30406255,00010,2021-09
0003,EUROPEAN UNION,00010,COCOA BEANS,23290,23290,0,1693,1693,00010,2021-09
1XXX,NORTH AMERICA,00010,COCOA BEANS,4253,4253,0,0,0,00010,2021-09
4XXX,EUROPE,00010,COCOA BEANS,31147,31147,0,2635,2635,00010,2021-09
7XXX,AFRICA,00010,COCOA BEANS,54564164,54564164,0,13654609,20278724,00010,2021-09
0014,PACIFIC RIM COUNTRIES,00010,COCOA BEANS,904200,904200,0,396240,396240,00010,2021-09
5XXX,ASIA,00010,COCOA BEANS,5568,5568,0,1300,1300,00010,2021-09
0017,CAFTA-DR,00010,COCOA BEANS,3303589,3303589,263,1272320,1272320,00010,2021-09
6XXX,AUSTRALIA AND OCEANIA,00010,COCOA BEANS,904200,904200,0,396240,396240,00010,2021-09
0020,USMCA (NAFTA),00010,COCOA BEANS,4253,4253,0,0,0,00010,2021-09
0021,TWENTY LATIN AMERICAN REPUBLICS,00010,COCOA BEANS,24315180,24315180,4337,9726697,9727356,00010,2021-09
0022,OECD,00010,COCOA BEANS,35400,35400,0,2635,2635,00010,2021-09
0023,NATO,00010,COCOA BEANS,25558,25558,0,2163,2163,00010,2021-09
0024,LAFTA,00010,COCOA BEANS,20960546,20960546,4074,8429411,8430070,00010,2021-09
0025,EURO AREA,00010,COCOA BEANS,23290,23290,0,1693,1693,00010,2021-09
0026,APEC,00010,COCOA BEANS,3718588,3718588,3168,1451332,1451991,00010,2021-09
0027,ASEAN,00010,COCOA BEANS,0,0,0,0,0,00010,2021-09
0028,CACM,00010,COCOA BEANS,119203,119203,263,30283,30283,00010,2021-09
2010,MEXICO,00010,COCOA BEANS,4253,4253,0,0,0,00010,2021-09
2050,GUATEMALA,00010,COCOA BEANS,2021,2021,263,0,0,00010,2021-09
2080,BELIZE,00010,COCOA BEANS,0,0,0,0,0,00010,2021-09
2110,EL SALVADOR,00010,COCOA BEANS,2380,2380,0,509,509,00010,2021-09
2150,HONDURAS,00010,COCOA BEANS,0,0,0,0,0,00010,2021-09
2190,NICARAGUA,00010,COCOA BEANS,107302,107302,0,27742,27742,00010,2021-09
2230,COSTA RICA,00010,COCOA BEANS,7500,7500,0,2032,2032,00010,2021-09
2450,HAITI,00010,COCOA BEANS,51045,51045,0,24966,24966,00010,2021-09
2470,DOMINICAN REPUBLIC,00010,COCOA BEANS,3184386,3184386,0,1242037,1242037,00010,2021-09
7830,TANZANIA,00010,COCOA BEANS,0,0,0,0,0,00010,2021-09
7880,MADAGASCAR,00010,COCOA BEANS,0,0,0,0,0,00010,2021-09
2XXX,CENTRAL AMERICA,00010,COCOA BEANS,3354634,3354634,263,1297286,1297286,00010,2021-09
3XXX,SOUTH AMERICA,00010,COCOA BEANS,20956293,20956293,4074,8429411,8430070,00010,2021-09
5330,INDIA,00010,COCOA BEANS,0,0,0,0,0,00010,2021-10
5520,VIETNAM,00010,COCOA BEANS,0,0,0,0,0,00010,2021-10
5600,INDONESIA,00010,COCOA BEANS,0,0,0,0,0,00010,2021-10
5650,PHILIPPINES,00010,COCOA BEANS,0,0,0,0,0,00010,2021-10
6040,PAPUA NEW GUINEA,00010,COCOA BEANS,678525,678525,0,301200,301200,00010,2021-10
2489,GRENADA,00010,COCOA BEANS,0,0,0,0,0,00010,2021-10
2740,TRINIDAD AND TOBAGO,00010,COCOA BEANS,0,0,0,0,0,00010,2021-10
3010,COLOMBIA,00010,COCOA BEANS,13511,13511,2496,0,0,00010,2021-10
3070,VENEZUELA,00010,COCOA BEANS,154846,154846,0,63936,63936,00010,2021-10
3310,ECUADOR,00010,COCOA BEANS,8926422,8926422,1134,3390077,3390077,00010,2021-10
3330,PERU,00010,COCOA BEANS,806282,806282,0,294256,294256,00010,2021-10
3350,BOLIVIA,00010,COCOA BEANS,0,0,0,0,0,00010,2021-10
3510,BRAZIL,00010,COCOA BEANS,2040,2040,506,0,0,00010,2021-10
4210,NETHERLANDS,00010,COCOA BEANS,117000,117000,0,20900,20900,00010,2021-10
4279,FRANCE,00010,COCOA BEANS,29444,29444,0,3128,3128,00010,2021-10
6863,FIJI,00010,COCOA BEANS,0,0,0,0,0,00010,2021-10
7420,CAMEROON,00010,COCOA BEANS,0,0,0,0,0,00010,2021-10
7480,COTE D'IVOIRE,00010,COCOA BEANS,12435897,12435897,0,5087147,5087147,00010,2021-10
7490,GHANA,00010,COCOA BEANS,49472,49472,0,10444,10444,00010,2021-10
7530,NIGERIA,00010,COCOA BEANS,403839,403839,0,177744,177744,00010,2021-10
7630,CONGO,00010,COCOA BEANS,229980,229980,0,96130,96130,00010,2021-10
7660,DEMOCRATIC REPUBLIC OF THE CONGO,00010,COCOA BEANS,1725404,1725404,0,608554,608554,00010,2021-10
7780,UGANDA,00010,COCOA BEANS,67565,67565,0,25254,25254,00010,2021-10
4419,SWITZERLAND,00010,COCOA BEANS,22762,22762,0,1865,1865,00010,2021-10
4759,ITALY,00010,COCOA BEANS,0,0,0,0,0,00010,2021-10
4890,TURKEY,00010,COCOA BEANS,0,0,0,0,0,00010,2021-10
-,TOTAL FOR ALL COUNTRIES,00010,COCOA BEANS,29707480,29707480,4136,11593056,11593056,00010,2021-10
0003,EUROPEAN UNION,00010,COCOA BEANS,146444,146444,0,24028,24028,00010,2021-10
1XXX,NORTH AMERICA,00010,COCOA BEANS,14431,14431,0,0,0,00010,2021-10
4XXX,EUROPE,00010,COCOA BEANS,169206,169206,0,25893,25893,00010,2021-10
7XXX,AFRICA,00010,COCOA BEANS,14912157,14912157,0,6005273,6005273,00010,2021-10
0014,PACIFIC RIM COUNTRIES,00010,COCOA BEANS,678525,678525,0,301200,301200,00010,2021-10
5XXX,ASIA,00010,COCOA BEANS,0,0,0,0,0,00010,2021-10
0017,CAFTA-DR,00010,COCOA BEANS,3907271,3907271,0,1490146,1490146,00010,2021-10
6XXX,AUSTRALIA AND OCEANIA,00010,COCOA BEANS,678525,678525,0,301200,301200,00010,2021-10
0020,USMCA (NAFTA),00010,COCOA BEANS,14431,14431,0,0,0,00010,2021-10
0021,TWENTY LATIN AMERICAN REPUBLICS,00010,COCOA BEANS,13824803,13824803,4136,5238415,5238415,00010,2021-10
0022,OECD,00010,COCOA BEANS,183637,183637,0,25893,25893,00010,2021-10
0023,NATO,00010,COCOA BEANS,146444,146444,0,24028,24028,00010,2021-10
0024,LAFTA,00010,COCOA BEANS,9917532,9917532,4136,3748269,3748269,00010,2021-10
0025,EURO AREA,00010,COCOA BEANS,146444,146444,0,24028,24028,00010,2021-10
0026,APEC,00010,COCOA BEANS,1499238,1499238,0,595456,595456,00010,2021-10
0027,ASEAN,00010,COCOA BEANS,0,0,0,0,0,00010,2021-10
0028,CACM,00010,COCOA BEANS,45243,45243,0,9840,9840,00010,2021-10
2010,MEXICO,00010,COCOA BEANS,14431,14431,0,0,0,00010,2021-10
2050,GUATEMALA,00010,COCOA BEANS,0,0,0,0,0,00010,2021-10
2080,BELIZE,00010,COCOA BEANS,122789,122789,0,22275,22275,00010,2021-10
2110,EL SALVADOR,00010,COCOA BEANS,0,0,0,0,0,00010,2021-10
2150,HONDURAS,00010,COCOA BEANS,0,0,0,0,0,00010,2021-10
2190,NICARAGUA,00010,COCOA BEANS,18923,18923,0,4545,4545,00010,2021-10
2230,COSTA RICA,00010,COCOA BEANS,26320,26320,0,5295,5295,00010,2021-10
2450,HAITI,00010,COCOA BEANS,0,0,0,0,0,00010,2021-10
2470,DOMINICAN REPUBLIC,00010,COCOA BEANS,3862028,3862028,0,1480306,1480306,00010,2021-10
7830,TANZANIA,00010,COCOA BEANS,0,0,0,0,0,00010,2021-10
7880,MADAGASCAR,00010,COCOA BEANS,0,0,0,0,0,00010,2021-10
2XXX,CENTRAL AMERICA,00010,COCOA BEANS,4030060,4030060,0,1512421,1512421,00010,2021-10
3XXX,SOUTH AMERICA,00010,COCOA BEANS,9903101,9903101,4136,3748269,3748269,00010,2021-10
5330,INDIA,00010,COCOA BEANS,0,0,0,0,0,00010,2021-11
5520,VIETNAM,00010,COCOA BEANS,0,0,0,0,0,00010,2021-11
5600,INDONESIA,00010,COCOA BEANS,0,0,0,0,0,00010,2021-11
5650,PHILIPPINES,00010,COCOA BEANS,0,0,0,0,0,00010,2021-11
6040,PAPUA NEW GUINEA,00010,COCOA BEANS,1539675,1539675,0,682920,682920,00010,2021-11
2489,GRENADA,00010,COCOA BEANS,0,0,0,0,0,00010,2021-11
2740,TRINIDAD AND TOBAGO,00010,COCOA BEANS,20831,20831,0,2520,2520,00010,2021-11
3010,COLOMBIA,00010,COCOA BEANS,33074,33074,0,5920,5920,00010,2021-11
3070,VENEZUELA,00010,COCOA BEANS,37074,37074,0,20374,20374,00010,2021-11
3310,ECUADOR,00010,COCOA BEANS,11988488,11988488,788,4588233,4588233,00010,2021-11
3330,PERU,00010,COCOA BEANS,599286,599286,0,179698,179698,00010,2021-11
3350,BOLIVIA,00010,COCOA BEANS,0,0,0,0,0,00010,2021-11
3510,BRAZIL,00010,COCOA BEANS,12514,12514,1972,0,0,00010,2021-11
4210,NETHERLANDS,00010,COCOA BEANS,346000,346000,0,62700,62700,00010,2021-11
4279,FRANCE,00010,COCOA BEANS,42639,42639,0,4339,4339,00010,2021-11
6863,FIJI,00010,COCOA BEANS,2400,2400,500,0,0,00010,2021-11
7420,CAMEROON,00010,COCOA BEANS,0,0,0,0,0,00010,2021-11
7480,COTE D'IVOIRE,00010,COCOA BEANS,15612586,15612586,0,6413963,6413963,00010,2021-11
7490,GHANA,00010,COCOA BEANS,5443082,5443082,0,2200246,2200246,00010,2021-11
7530,NIGERIA,00010,COCOA BEANS,230967,230967,0,101600,101600,00010,2021-11
7630,CONGO,00010,COCOA BEANS,721901,721901,0,295100,295100,00010,2021-11
7660,DEMOCRATIC REPUBLIC OF THE CONGO,00010,COCOA BEANS,4172395,4172395,0,1543778,1543778,00010,2021-11
7780,UGANDA,00010,COCOA BEANS,56531,56531,0,12700,12700,00010,2021-11
4419,SWITZERLAND,00010,COCOA BEANS,25180,25180,0,3758,3758,00010,2021-11
4759,ITALY,00010,COCOA BEANS,0,0,0,0,0,00010,2021-11
4890,TURKEY,00010,COCOA BEANS,0,0,0,0,0,00010,2021-11
-,TOTAL FOR ALL COUNTRIES,00010,COCOA BEANS,43770763,43770763,3260,17201996,17203666,00010,2021-11
0003,EUROPEAN UNION,00010,COCOA BEANS,388639,388639,0,67039,67039,00010,2021-11
1XXX,NORTH AMERICA,00010,COCOA BEANS,26230,26230,0,0,0,00010,2021-11
4XXX,EUROPE,00010,COCOA BEANS,413819,413819,0,70797,70797,00010,2021-11
7XXX,AFRICA,00010,COCOA BEANS,26407829,26407829,0,10643017,10643017,00010,2021-11
0014,PACIFIC RIM COUNTRIES,00010,COCOA BEANS,1539675,1539675,0,682920,682920,00010,2021-11
5XXX,ASIA,00010,COCOA BEANS,0,0,0,0,0,00010,2021-11
0017,CAFTA-DR,00010,COCOA BEANS,2689543,2689543,0,1008517,1010187,00010,2021-11
6XXX,AUSTRALIA AND OCEANIA,00010,COCOA BEANS,1542075,1542075,500,682920,682920,00010,2021-11
0020,USMCA (NAFTA),00010,COCOA BEANS,26230,26230,0,0,0,00010,2021-11
0021,TWENTY LATIN AMERICAN REPUBLICS,00010,COCOA BEANS,15379758,15379758,2760,5802742,5804412,00010,2021-11
0022,OECD,00010,COCOA BEANS,440049,440049,0,70797,70797,00010,2021-11
0023,NATO,00010,COCOA BEANS,395090,395090,0,67039,67039,00010,2021-11
0024,LAFTA,00010,COCOA BEANS,12690215,12690215,2760,4794225,4794225,00010,2021-11
0025,EURO AREA,00010,COCOA BEANS,388639,388639,0,67039,67039,00010,2021-11
0026,APEC,00010,COCOA BEANS,2165191,2165191,0,862618,862618,00010,2021-11
0027,ASEAN,00010,COCOA BEANS,0,0,0,0,0,00010,2021-11
0028,CACM,00010,COCOA BEANS,51083,51083,0,734,2404,00010,2021-11
1220,CANADA,00010,COCOA BEANS,6451,6451,0,0,0,00010,2021-11
2010,MEXICO,00010,COCOA BEANS,19779,19779,0,0,0,00010,2021-11
2050,GUATEMALA,00010,COCOA BEANS,0,0,0,0,0,00010,2021-11
2080,BELIZE,00010,COCOA BEANS,0,0,0,0,0,00010,2021-11
2110,EL SALVADOR,00010,COCOA BEANS,2012,2012,0,734,734,00010,2021-11
2150,HONDURAS,00010,COCOA BEANS,49071,49071,0,0,1670,00010,2021-11
2190,NICARAGUA,00010,COCOA BEANS,0,0,0,0,0,00010,2021-11
2230,COSTA RICA,00010,COCOA BEANS,0,0,0,0,0,00010,2021-11
2450,HAITI,00010,COCOA BEANS,0,0,0,0,0,00010,2021-11
2470,DOMINICAN REPUBLIC,00010,COCOA BEANS,2638460,2638460,0,1007783,1007783,00010,2021-11
7830,TANZANIA,00010,COCOA BEANS,170367,170367,0,75630,75630,00010,2021-11
7880,MADAGASCAR,00010,COCOA BEANS,0,0,0,0,0,00010,2021-11
2XXX,CENTRAL AMERICA,00010,COCOA BEANS,2710374,2710374,0,1011037,1012707,00010,2021-11
3XXX,SOUTH AMERICA,00010,COCOA BEANS,12670436,12670436,2760,4794225,4794225,00010,2021-11
5330,INDIA,00010,COCOA BEANS,0,0,0,0,0,00010,2021-12
5520,VIETNAM,00010,COCOA BEANS,0,0,0,0,0,00010,2021-12
5600,INDONESIA,00010,COCOA BEANS,126841,126841,0,13208,13208,00010,2021-12
5650,PHILIPPINES,00010,COCOA BEANS,0,0,0,0,0,00010,2021-12
6040,PAPUA NEW GUINEA,00010,COCOA BEANS,1479600,1479600,0,624840,624840,00010,2021-12
2489,GRENADA,00010,COCOA BEANS,0,0,0,0,0,00010,2021-12
2740,TRINIDAD AND TOBAGO,00010,COCOA BEANS,0,0,0,0,0,00010,2021-12
3010,COLOMBIA,00010,COCOA BEANS,34365,34365,0,5283,5283,00010,2021-12
3070,VENEZUELA,00010,COCOA BEANS,64990,64990,0,12060,12060,00010,2021-12
3310,ECUADOR,00010,COCOA BEANS,16004317,16004317,0,6358357,6358357,00010,2021-12
3330,PERU,00010,COCOA BEANS,930807,930807,0,309103,309103,00010,2021-12
3350,BOLIVIA,00010,COCOA BEANS,0,0,0,0,0,00010,2021-12
3510,BRAZIL,00010,COCOA BEANS,2040,2040,0,485,485,00010,2021-12
4210,NETHERLANDS,00010,COCOA BEANS,234000,234000,0,41800,41800,00010,2021-12
4279,FRANCE,00010,COCOA BEANS,8647,8647,0,890,890,00010,2021-12
6863,FIJI,00010,COCOA BEANS,5000,5000,550,0,0,00010,2021-12
7420,CAMEROON,00010,COCOA BEANS,0,0,0,0,0,00010,2021-12
7480,COTE D'IVOIRE,00010,COCOA BEANS,8608996,8608996,0,3257259,3257259,00010,2021-12
7490,GHANA,00010,COCOA BEANS,7052983,7052983,0,2870200,2870200,00010,2021-12
7530,NIGERIA,00010,COCOA BEANS,0,0,0,0,0,00010,2021-12
7630,CONGO,00010,COCOA BEANS,63096,63096,0,25250,25250,00010,2021-12
7660,DEMOCRATIC REPUBLIC OF THE CONGO,00010,COCOA BEANS,2980239,2980239,0,1062817,1062817,00010,2021-12
7780,UGANDA,00010,COCOA BEANS,56531,56531,0,12700,12700,00010,2021-12
4419,SWITZERLAND,00010,COCOA BEANS,6498,6498,0,709,709,00010,2021-12
4759,ITALY,00010,COCOA BEANS,0,0,0,0,0,00010,2021-12
4890,TURKEY,00010,COCOA BEANS,4512,4512,0,823,823,00010,2021-12
-,TOTAL FOR ALL COUNTRIES,00010,COCOA BEANS,41135289,41135289,1001,15762696,15762696,00010,2021-12
0003,EUROPEAN UNION,00010,COCOA BEANS,242647,242647,0,42690,42690,00010,2021-12
1XXX,NORTH AMERICA,00010,COCOA BEANS,84326,84326,0,0,0,00010,2021-12
4XXX,EUROPE,00010,COCOA BEANS,253657,253657,0,44222,44222,00010,2021-12
7XXX,AFRICA,00010,COCOA BEANS,18887845,18887845,0,7253842,7253842,00010,2021-12
0014,PACIFIC RIM COUNTRIES,00010,COCOA BEANS,1606441,1606441,0,638048,638048,00010,2021-12
5XXX,ASIA,00010,COCOA BEANS,126841,126841,0,13208,13208,00010,2021-12
0017,CAFTA-DR,00010,COCOA BEANS,3143996,3143996,451,1090896,1090896,00010,2021-12
6XXX,AUSTRALIA AND OCEANIA,00010,COCOA BEANS,1484600,1484600,550,624840,624840,00010,2021-12
0020,USMCA (NAFTA),00010,COCOA BEANS,84326,84326,0,0,0,00010,2021-12
0021,TWENTY LATIN AMERICAN REPUBLICS,00010,COCOA BEANS,20382346,20382346,451,7826584,7826584,00010,2021-12
0022,OECD,00010,COCOA BEANS,337983,337983,0,44222,44222,00010,2021-12
0023,NATO,00010,COCOA BEANS,247159,247159,0,43513,43513,00010,2021-12
0024,LAFTA,00010,COCOA BEANS,17120845,17120845,0,6685288,6685288,00010,2021-12
0025,EURO AREA,00010,COCOA BEANS,242647,242647,0,42690,42690,00010,2021-12
0026,APEC,00010,COCOA BEANS,2621574,2621574,0,947151,947151,00010,2021-12
0027,ASEAN,00010,COCOA BEANS,126841,126841,0,13208,13208,00010,2021-12
0028,CACM,00010,COCOA BEANS,71528,71528,451,13011,13011,00010,2021-12
1220,CANADA,00010,COCOA BEANS,0,0,0,0,0,00010,2021-12
2010,MEXICO,00010,COCOA BEANS,84326,84326,0,0,0,00010,2021-12
2050,GUATEMALA,00010,COCOA BEANS,65340,65340,0,12078,12078,00010,2021-12
2080,BELIZE,00010,COCOA BEANS,0,0,0,0,0,00010,2021-12
2110,EL SALVADOR,00010,COCOA BEANS,4050,4050,0,933,933,00010,2021-12
2150,HONDURAS,00010,COCOA BEANS,0,0,0,0,0,00010,2021-12
2190,NICARAGUA,00010,COCOA BEANS,0,0,0,0,0,00010,2021-12
2230,COSTA RICA,00010,COCOA BEANS,2138,2138,451,0,0,00010,2021-12
2450,HAITI,00010,COCOA BEANS,117505,117505,0,50400,50400,00010,2021-12
2470,DOMINICAN REPUBLIC,00010,COCOA BEANS,3072468,3072468,0,1077885,1077885,00010,2021-12
7830,TANZANIA,00010,COCOA BEANS,126000,126000,0,25616,25616,00010,2021-12
7880,MADAGASCAR,00010,COCOA BEANS,0,0,0,0,0,00010,2021-12
2XXX,CENTRAL AMERICA,00010,COCOA BEANS,3261501,3261501,451,1141296,1141296,00010,2021-12
3XXX,SOUTH AMERICA,00010,COCOA BEANS,17036519,17036519,0,6685288,6685288,00010,2021-12
5520,VIETNAM,00010,COCOA BEANS,15795,15795,0,0,2808,00010,2022-01
6040,PAPUA NEW GUINEA,00010,COCOA BEANS,786450,786450,0,320040,320040,00010,2022-01
3070,VENEZUELA,00010,COCOA BEANS,343553,343553,0,153612,153612,00010,2022-01
3310,ECUADOR,00010,COCOA BEANS,11576407,11576407,0,4807860,4807860,00010,2022-01
3330,PERU,00010,COCOA BEANS,960688,960688,0,230954,230954,00010,2022-01
4279,FRANCE,00010,COCOA BEANS,4044,4044,0,580,580,00010,2022-01
7480,COTE D'IVOIRE,00010,COCOA BEANS,79136812,79136812,0,10083368,45939006,00010,2022-01
7490,GHANA,00010,COCOA BEANS,3149107,3149107,0,1117600,1117600,00010,2022-01
7530,NIGERIA,00010,COCOA BEANS,52567,52567,0,22858,22858,00010,2022-01
7660,DEMOCRATIC REPUBLIC OF THE CONGO,00010,COCOA BEANS,2569404,2569404,0,911755,911755,00010,2022-01
4419,SWITZERLAND,00010,COCOA BEANS,4417,4417,0,431,431,00010,2022-01
-,TOTAL FOR ALL COUNTRIES,00010,COCOA BEANS,100972546,100972546,0,18371787,54230233,00010,2022-01
0003,EUROPEAN UNION,00010,COCOA BEANS,4044,4044,0,580,580,00010,2022-01
1XXX,NORTH AMERICA,00010,COCOA BEANS,6583,6583,0,0,0,00010,2022-01
4XXX,EUROPE,00010,COCOA BEANS,8461,8461,0,1011,1011,00010,2022-01
7XXX,AFRICA,00010,COCOA BEANS,84941668,84941668,0,12148819,48004457,00010,2022-01
0014,PACIFIC RIM COUNTRIES,00010,COCOA BEANS,786450,786450,0,320040,320040,00010,2022-01
5XXX,ASIA,00010,COCOA BEANS,15795,15795,0,0,2808,00010,2022-01
0017,CAFTA-DR,00010,COCOA BEANS,2230131,2230131,0,687060,687060,00010,2022-01
6XXX,AUSTRALIA AND OCEANIA,00010,COCOA BEANS,786450,786450,0,320040,320040,00010,2022-01
0020,USMCA (NAFTA),00010,COCOA BEANS,6583,6583,0,0,0,00010,2022-01
0021,TWENTY LATIN AMERICAN REPUBLICS,00010,COCOA BEANS,15172322,15172322,0,5890917,5890917,00010,2022-01
0022,OECD,00010,COCOA BEANS,15044,15044,0,1011,1011,00010,2022-01
0023,NATO,00010,COCOA BEANS,4044,4044,0,580,580,00010,2022-01
0024,LAFTA,00010,COCOA BEANS,12887231,12887231,0,5192426,5192426,00010,2022-01
0025,EURO AREA,00010,COCOA BEANS,4044,4044,0,580,580,00010,2022-01
0026,APEC,00010,COCOA BEANS,1769516,1769516,0,550994,553802,00010,2022-01
0027,ASEAN,00010,COCOA BEANS,15795,15795,0,0,2808,00010,2022-01
0028,CACM,00010,COCOA BEANS,48000,48000,0,12480,12480,00010,2022-01
2010,MEXICO,00010,COCOA BEANS,6583,6583,0,0,0,00010,2022-01
2080,BELIZE,00010,COCOA BEANS,47850,47850,0,11000,11000,00010,2022-01
2190,NICARAGUA,00010,COCOA BEANS,48000,48000,0,12480,12480,00010,2022-01
2450,HAITI,00010,COCOA BEANS,54960,54960,0,11431,11431,00010,2022-01
2470,DOMINICAN REPUBLIC,00010,COCOA BEANS,2182131,2182131,0,674580,674580,00010,2022-01
7880,MADAGASCAR,00010,COCOA BEANS,33778,33778,0,13238,13238,00010,2022-01
2XXX,CENTRAL AMERICA,00010,COCOA BEANS,2332941,2332941,0,709491,709491,00010,2022-01
3XXX,SOUTH AMERICA,00010,COCOA BEANS,12880648,12880648,0,5192426,5192426,00010,2022-01
5490,THAILAND,00010,COCOA BEANS,40000,40000,0,3150,3150,00010,2022-02
5520,VIETNAM,00010,COCOA BEANS,0,0,0,0,0,00010,2022-02
6040,PAPUA NEW GUINEA,00010,COCOA BEANS,405000,405000,0,182880,182880,00010,2022-02
2740,TRINIDAD AND TOBAGO,00010,COCOA BEANS,66250,66250,0,14600,14600,00010,2022-02
3070,VENEZUELA,00010,COCOA BEANS,471856,471856,0,223429,223429,00010,2022-02
3310,ECUADOR,00010,COCOA BEANS,18716234,18716234,1663,7215097,7215097,00010,2022-02
3330,PERU,00010,COCOA BEANS,526459,526459,0,143884,143884,00010,2022-02
4279,FRANCE,00010,COCOA BEANS,4660,4660,0,635,635,00010,2022-02
7480,COTE D'IVOIRE,00010,COCOA BEANS,14413126,14413126,0,5032195,5032195,00010,2022-02
7490,GHANA,00010,COCOA BEANS,17021350,17021350,0,6291452,6291452,00010,2022-02
7520,TOGO,00010,COCOA BEANS,249355,249355,0,104440,104440,00010,2022-02
7530,NIGERIA,00010,COCOA BEANS,0,0,0,0,0,00010,2022-02
7660,DEMOCRATIC REPUBLIC OF THE CONGO,00010,COCOA BEANS,1060294,1060294,0,405376,405376,00010,2022-02
4419,SWITZERLAND,00010,COCOA BEANS,15432,15432,0,1128,1128,00010,2022-02
-,TOTAL FOR ALL COUNTRIES,00010,COCOA BEANS,58207648,58207648,1663,21472902,21473775,00010,2022-02
0003,EUROPEAN UNION,00010,COCOA BEANS,4660,4660,0,635,635,00010,2022-02
1XXX,NORTH AMERICA,00010,COCOA BEANS,14958,14958,0,0,0,00010,2022-02
4XXX,EUROPE,00010,COCOA BEANS,20092,20092,0,1763,1763,00010,2022-02
7XXX,AFRICA,00010,COCOA BEANS,32744125,32744125,0,11833463,11833463,00010,2022-02
0014,PACIFIC RIM COUNTRIES,00010,COCOA BEANS,405000,405000,0,182880,182880,00010,2022-02
5XXX,ASIA,00010,COCOA BEANS,40000,40000,0,3150,3150,00010,2022-02
0017,CAFTA-DR,00010,COCOA BEANS,5113116,5113116,0,1829389,1829389,00010,2022-02
6XXX,AUSTRALIA AND OCEANIA,00010,COCOA BEANS,405000,405000,0,182880,182880,00010,2022-02
0020,USMCA (NAFTA),00010,COCOA BEANS,14958,14958,0,0,0,00010,2022-02
0021,TWENTY LATIN AMERICAN REPUBLICS,00010,COCOA BEANS,24929563,24929563,1663,9437046,9437046,00010,2022-02
0022,OECD,00010,COCOA BEANS,35050,35050,0,1763,1763,00010,2022-02
0023,NATO,00010,COCOA BEANS,4660,4660,0,635,635,00010,2022-02
0024,LAFTA,00010,COCOA BEANS,19729507,19729507,1663,7582410,7582410,00010,2022-02
0025,EURO AREA,00010,COCOA BEANS,4660,4660,0,635,635,00010,2022-02
0026,APEC,00010,COCOA BEANS,986417,986417,0,329914,329914,00010,2022-02
0027,ASEAN,00010,COCOA BEANS,40000,40000,0,3150,3150,00010,2022-02
0028,CACM,00010,COCOA BEANS,9720,9720,0,3200,3200,00010,2022-02
2010,MEXICO,00010,COCOA BEANS,14958,14958,0,0,0,00010,2022-02
2080,BELIZE,00010,COCOA BEANS,2618,2618,0,0,873,00010,2022-02
2110,EL SALVADOR,00010,COCOA BEANS,9720,9720,0,3200,3200,00010,2022-02
2190,NICARAGUA,00010,COCOA BEANS,0,0,0,0,0,00010,2022-02
2450,HAITI,00010,COCOA BEANS,86940,86940,0,25247,25247,00010,2022-02
2470,DOMINICAN REPUBLIC,00010,COCOA BEANS,5103396,5103396,0,1826189,1826189,00010,2022-02
7880,MADAGASCAR,00010,COCOA BEANS,0,0,0,0,0,00010,2022-02
2XXX,CENTRAL AMERICA,00010,COCOA BEANS,5268924,5268924,0,1869236,1870109,00010,2022-02
3XXX,SOUTH AMERICA,00010,COCOA BEANS,19714549,19714549,1663,7582410,7582410,00010,2022-02
5490,THAILAND,00010,COCOA BEANS,0,0,0,0,0,00010,2022-03
5520,VIETNAM,00010,COCOA BEANS,0,0,0,0,0,00010,2022-03
6040,PAPUA NEW GUINEA,00010,COCOA BEANS,0,0,0,0,0,00010,2022-03
2740,TRINIDAD AND TOBAGO,00010,COCOA BEANS,0,0,0,0,0,00010,2022-03
3010,COLOMBIA,00010,COCOA BEANS,83208,83208,572,20038,20038,00010,2022-03
3070,VENEZUELA,00010,COCOA BEANS,997551,997551,0,480390,480390,00010,2022-03
3310,ECUADOR,00010,COCOA BEANS,11605016,11605016,4295,4815822,4815822,00010,2022-03
3330,PERU,00010,COCOA BEANS,477412,477412,0,120071,120071,00010,2022-03
4210,NETHERLANDS,00010,COCOA BEANS,871300,871300,0,145400,145400,00010,2022-03
4279,FRANCE,00010,COCOA BEANS,8123,8123,0,920,920,00010,2022-03
7480,COTE D'IVOIRE,00010,COCOA BEANS,60499991,60499991,0,3941996,29366743,00010,2022-03
7490,GHANA,00010,COCOA BEANS,17753234,17753234,0,6526200,6526200,00010,2022-03
7520,TOGO,00010,COCOA BEANS,244330,244330,0,102340,102340,00010,2022-03
7530,NIGERIA,00010,COCOA BEANS,6090825,6090825,0,2286300,2286300,00010,2022-03
7660,DEMOCRATIC REPUBLIC OF THE CONGO,00010,COCOA BEANS,891668,891668,0,304200,304200,00010,2022-03
7780,UGANDA,00010,COCOA BEANS,144450,144450,0,38260,38260,00010,2022-03
4419,SWITZERLAND,00010,COCOA BEANS,15377,15377,0,1193,1193,00010,2022-03
4890,TURKEY,00010,COCOA BEANS,2179,2179,0,406,406,00010,2022-03
-,TOTAL FOR ALL COUNTRIES,00010,COCOA BEANS,105457710,105457710,4867,20803166,46231081,00010,2022-03
0003,EUROPEAN UNION,00010,COCOA BEANS,879423,879423,0,146320,146320,00010,2022-03
1XXX,NORTH AMERICA,00010,COCOA BEANS,56564,56564,0,0,0,00010,2022-03
4XXX,EUROPE,00010,COCOA BEANS,896979,896979,0,147919,147919,00010,2022-03
7XXX,AFRICA,00010,COCOA BEANS,85832112,85832112,0,13266027,38690774,00010,2022-03
0014,PACIFIC RIM COUNTRIES,00010,COCOA BEANS,0,0,0,0,0,00010,2022-03
5XXX,ASIA,00010,COCOA BEANS,0,0,0,0,0,00010,2022-03
0017,CAFTA-DR,00010,COCOA BEANS,5508868,5508868,0,1952899,1956067,00010,2022-03
6XXX,AUSTRALIA AND OCEANIA,00010,COCOA BEANS,0,0,0,0,0,00010,2022-03
0020,USMCA (NAFTA),00010,COCOA BEANS,56564,56564,0,0,0,00010,2022-03
0021,TWENTY LATIN AMERICAN REPUBLICS,00010,COCOA BEANS,18728619,18728619,4867,7389220,7392388,00010,2022-03
0022,OECD,00010,COCOA BEANS,953543,953543,0,147919,147919,00010,2022-03
0023,NATO,00010,COCOA BEANS,881602,881602,0,146726,146726,00010,2022-03
0024,LAFTA,00010,COCOA BEANS,13219751,13219751,4867,5436321,5436321,00010,2022-03
0025,EURO AREA,00010,COCOA BEANS,879423,879423,0,146320,146320,00010,2022-03
0026,APEC,00010,COCOA BEANS,533976,533976,0,120071,120071,00010,2022-03
0027,ASEAN,00010,COCOA BEANS,0,0,0,0,0,00010,2022-03
0028,CACM,00010,COCOA BEANS,3100,3100,0,756,756,00010,2022-03
2010,MEXICO,00010,COCOA BEANS,56564,56564,0,0,0,00010,2022-03
2080,BELIZE,00010,COCOA BEANS,0,0,0,0,0,00010,2022-03
2110,EL SALVADOR,00010,COCOA BEANS,3100,3100,0,756,756,00010,2022-03
2190,NICARAGUA,00010,COCOA BEANS,0,0,0,0,0,00010,2022-03
2450,HAITI,00010,COCOA BEANS,0,0,0,0,0,00010,2022-03
2470,DOMINICAN REPUBLIC,00010,COCOA BEANS,5505768,5505768,0,1952143,1955311,00010,2022-03
7830,TANZANIA,00010,COCOA BEANS,207614,207614,0,66731,66731,00010,2022-03
7880,MADAGASCAR,00010,COCOA BEANS,0,0,0,0,0,00010,2022-03
2XXX,CENTRAL AMERICA,00010,COCOA BEANS,5508868,5508868,0,1952899,1956067,00010,2022-03
3XXX,SOUTH AMERICA,00010,COCOA BEANS,13163187,13163187,4867,5436321,5436321,00010,2022-03
5490,THAILAND,00010,COCOA BEANS,0,0,0,0,0,00010,2022-04
5520,VIETNAM,00010,COCOA BEANS,0,0,0,0,0,00010,2022-04
5600,INDONESIA,00010,COCOA BEANS,571558,571558,21439,525,525,00010,2022-04
6040,PAPUA NEW GUINEA,00010,COCOA BEANS,0,0,0,0,0,00010,2022-04
2489,GRENADA,00010,COCOA BEANS,2116,2116,96,0,0,00010,2022-04
2740,TRINIDAD AND TOBAGO,00010,COCOA BEANS,0,0,0,0,0,00010,2022-04
3010,COLOMBIA,00010,COCOA BEANS,162396,162396,1502,39602,39602,00010,2022-04
3070,VENEZUELA,00010,COCOA BEANS,1150376,1150376,0,561137,561137,00010,2022-04
3310,ECUADOR,00010,COCOA BEANS,17514193,17514193,1718,7243338,7243338,00010,2022-04
3330,PERU,00010,COCOA BEANS,532973,532973,0,116828,117428,00010,2022-04
4210,NETHERLANDS,00010,COCOA BEANS,127460,127460,0,20900,20900,00010,2022-04
4231,BELGIUM,00010,COCOA BEANS,3364,3364,0,826,826,00010,2022-04
4279,FRANCE,00010,COCOA BEANS,4972,4972,0,542,542,00010,2022-04
7470,SIERRA LEONE,00010,COCOA BEANS,35175,35175,0,10937,10937,00010,2022-04
7480,COTE D'IVOIRE,00010,COCOA BEANS,88619282,88619282,0,11567018,43906737,00010,2022-04
7490,GHANA,00010,COCOA BEANS,29669776,29669776,0,11963214,11963214,00010,2022-04
7520,TOGO,00010,COCOA BEANS,0,0,0,0,0,00010,2022-04
7530,NIGERIA,00010,COCOA BEANS,3530451,3530451,0,1405058,1405058,00010,2022-04
7660,DEMOCRATIC REPUBLIC OF THE CONGO,00010,COCOA BEANS,2335658,2335658,0,810446,810446,00010,2022-04
7780,UGANDA,00010,COCOA BEANS,225563,225563,0,51650,51650,00010,2022-04
4419,SWITZERLAND,00010,COCOA BEANS,66798,66798,0,5519,5519,00010,2022-04
4890,TURKEY,00010,COCOA BEANS,0,0,0,0,0,00010,2022-04
-,TOTAL FOR ALL COUNTRIES,00010,COCOA BEANS,148565617,148565617,24755,35271627,67611946,00010,2022-04
0003,EUROPEAN UNION,00010,COCOA BEANS,135796,135796,0,22268,22268,00010,2022-04
1XXX,NORTH AMERICA,00010,COCOA BEANS,2400,2400,0,0,0,00010,2022-04
4XXX,EUROPE,00010,COCOA BEANS,202594,202594,0,27787,27787,00010,2022-04
7XXX,AFRICA,00010,COCOA BEANS,124555589,124555589,0,25849019,58188738,00010,2022-04
0014,PACIFIC RIM COUNTRIES,00010,COCOA BEANS,571558,571558,21439,525,525,00010,2022-04
5XXX,ASIA,00010,COCOA BEANS,571558,571558,21439,525,525,00010,2022-04
0017,CAFTA-DR,00010,COCOA BEANS,3871422,3871422,0,1433391,1433391,00010,2022-04
6XXX,AUSTRALIA AND OCEANIA,00010,COCOA BEANS,0,0,0,0,0,00010,2022-04
0020,USMCA (NAFTA),00010,COCOA BEANS,2400,2400,0,0,0,00010,2022-04
0021,TWENTY LATIN AMERICAN REPUBLICS,00010,COCOA BEANS,23233760,23233760,3220,9394296,9394896,00010,2022-04
0022,OECD,00010,COCOA BEANS,204994,204994,0,27787,27787,00010,2022-04
0023,NATO,00010,COCOA BEANS,135796,135796,0,22268,22268,00010,2022-04
0024,LAFTA,00010,COCOA BEANS,19362338,19362338,3220,7960905,7961505,00010,2022-04
0025,EURO AREA,00010,COCOA BEANS,135796,135796,0,22268,22268,00010,2022-04
0026,APEC,00010,COCOA BEANS,1106931,1106931,21439,117353,117953,00010,2022-04
0027,ASEAN,00010,COCOA BEANS,571558,571558,21439,525,525,00010,2022-04
0028,CACM,00010,COCOA BEANS,64915,64915,0,15391,15391,00010,2022-04
2010,MEXICO,00010,COCOA BEANS,2400,2400,0,0,0,00010,2022-04
2080,BELIZE,00010,COCOA BEANS,0,0,0,0,0,00010,2022-04
2110,EL SALVADOR,00010,COCOA BEANS,0,0,0,0,0,00010,2022-04
2190,NICARAGUA,00010,COCOA BEANS,64915,64915,0,15391,15391,00010,2022-04
2450,HAITI,00010,COCOA BEANS,0,0,0,0,0,00010,2022-04
2470,DOMINICAN REPUBLIC,00010,COCOA BEANS,3806507,3806507,0,1418000,1418000,00010,2022-04
7830,TANZANIA,00010,COCOA BEANS,3000,3000,0,1000,1000,00010,2022-04
7880,MADAGASCAR,00010,COCOA BEANS,136684,136684,0,39696,39696,00010,2022-04
2XXX,CENTRAL AMERICA,00010,COCOA BEANS,3873538,3873538,96,1433391,1433391,00010,2022-04
3XXX,SOUTH AMERICA,00010,COCOA BEANS,19359938,19359938,3220,7960905,7961505,00010,2022-04
5490,THAILAND,00010,COCOA BEANS,0,0,0,0,0,00010,2022-05
5520,VIETNAM,00010,COCOA BEANS,0,0,0,0,0,00010,2022-05
5600,INDONESIA,00010,COCOA BEANS,194915,194915,0,25282,25282,00010,2022-05
5650,PHILIPPINES,00010,COCOA BEANS,35000,35000,0,10000,10000,00010,2022-05
6040,PAPUA NEW GUINEA,00010,COCOA BEANS,1165125,1165125,0,502920,502920,00010,2022-05
2489,GRENADA,00010,COCOA BEANS,2115,2115,36,0,0,00010,2022-05
2740,TRINIDAD AND TOBAGO,00010,COCOA BEANS,0,0,0,0,0,00010,2022-05
3010,COLOMBIA,00010,COCOA BEANS,204069,204069,0,75567,75567,00010,2022-05
3070,VENEZUELA,00010,COCOA BEANS,221944,221944,0,105840,105840,00010,2022-05
3310,ECUADOR,00010,COCOA BEANS,19828373,19828373,3015,8248474,8248474,00010,2022-05
3330,PERU,00010,COCOA BEANS,1226401,1226401,0,362422,362422,00010,2022-05
4210,NETHERLANDS,00010,COCOA BEANS,382380,382380,0,62700,62700,00010,2022-05
4231,BELGIUM,00010,COCOA BEANS,0,0,0,0,0,00010,2022-05
4279,FRANCE,00010,COCOA BEANS,26139,26139,0,3076,3076,00010,2022-05
7470,SIERRA LEONE,00010,COCOA BEANS,0,0,0,0,0,00010,2022-05
7480,COTE D'IVOIRE,00010,COCOA BEANS,69450434,69450434,0,4474603,30437788,00010,2022-05
7490,GHANA,00010,COCOA BEANS,17989584,17989584,0,8376845,8376845,00010,2022-05
7520,TOGO,00010,COCOA BEANS,250290,250290,0,104040,104040,00010,2022-05
7530,NIGERIA,00010,COCOA BEANS,3856732,3856732,0,1166317,1166317,00010,2022-05
7660,DEMOCRATIC REPUBLIC OF THE CONGO,00010,COCOA BEANS,3393674,3393674,0,1217069,1217069,00010,2022-05
7780,UGANDA,00010,COCOA BEANS,0,0,0,0,0,00010,2022-05
4419,SWITZERLAND,00010,COCOA BEANS,5773,5773,0,496,496,00010,2022-05
4890,TURKEY,00010,COCOA BEANS,0,0,0,0,0,00010,2022-05
-,TOTAL FOR ALL COUNTRIES,00010,COCOA BEANS,124997966,124997966,3051,27122904,53086089,00010,2022-05
0003,EUROPEAN UNION,00010,COCOA BEANS,408519,408519,0,65776,65776,00010,2022-05
1XXX,NORTH AMERICA,00010,COCOA BEANS,5593,5593,0,0,0,00010,2022-05
4XXX,EUROPE,00010,COCOA BEANS,414292,414292,0,66272,66272,00010,2022-05
7XXX,AFRICA,00010,COCOA BEANS,95135834,95135834,0,15389887,41353072,00010,2022-05
0014,PACIFIC RIM COUNTRIES,00010,COCOA BEANS,1395040,1395040,0,538202,538202,00010,2022-05
5XXX,ASIA,00010,COCOA BEANS,229915,229915,0,35282,35282,00010,2022-05
0017,CAFTA-DR,00010,COCOA BEANS,6077800,6077800,0,2157785,2157785,00010,2022-05
6XXX,AUSTRALIA AND OCEANIA,00010,COCOA BEANS,1165125,1165125,0,502920,502920,00010,2022-05
0020,USMCA (NAFTA),00010,COCOA BEANS,5593,5593,0,0,0,00010,2022-05
0021,TWENTY LATIN AMERICAN REPUBLICS,00010,COCOA BEANS,27911535,27911535,3015,11101978,11101978,00010,2022-05
0022,OECD,00010,COCOA BEANS,419885,419885,0,66272,66272,00010,2022-05
0023,NATO,00010,COCOA BEANS,408519,408519,0,65776,65776,00010,2022-05
0024,LAFTA,00010,COCOA BEANS,21486380,21486380,3015,8792303,8792303,00010,2022-05
0025,EURO AREA,00010,COCOA BEANS,408519,408519,0,65776,65776,00010,2022-05
0026,APEC,00010,COCOA BEANS,2627034,2627034,0,900624,900624,00010,2022-05
0027,ASEAN,00010,COCOA BEANS,229915,229915,0,35282,35282,00010,2022-05
0028,CACM,00010,COCOA BEANS,134341,134341,0,44241,44241,00010,2022-05
2010,MEXICO,00010,COCOA BEANS,5593,5593,0,0,0,00010,2022-05
2050,GUATEMALA,00010,COCOA BEANS,37260,37260,0,6917,6917,00010,2022-05
2080,BELIZE,00010,COCOA BEANS,139150,139150,0,26565,26565,00010,2022-05
2110,EL SALVADOR,00010,COCOA BEANS,2430,2430,0,623,623,00010,2022-05
2150,HONDURAS,00010,COCOA BEANS,18916,18916,0,4965,4965,00010,2022-05
2190,NICARAGUA,00010,COCOA BEANS,55660,55660,0,27514,27514,00010,2022-05
2230,COSTA RICA,00010,COCOA BEANS,20075,20075,0,4222,4222,00010,2022-05
2450,HAITI,00010,COCOA BEANS,347355,347355,0,151890,151890,00010,2022-05
2470,DOMINICAN REPUBLIC,00010,COCOA BEANS,5943459,5943459,0,2113544,2113544,00010,2022-05
7830,TANZANIA,00010,COCOA BEANS,195120,195120,0,51013,51013,00010,2022-05
7880,MADAGASCAR,00010,COCOA BEANS,0,0,0,0,0,00010,2022-05
2XXX,CENTRAL AMERICA,00010,COCOA BEANS,6566420,6566420,36,2336240,2336240,00010,2022-05
3XXX,SOUTH AMERICA,00010,COCOA BEANS,21480787,21480787,3015,8792303,8792303,00010,2022-05
5490,THAILAND,00010,COCOA BEANS,0,0,0,0,0,00010,2022-06
5520,VIETNAM,00010,COCOA BEANS,2275,2275,0,116,116,00010,2022-06
5600,INDONESIA,00010,COCOA BEANS,1106714,1106714,0,131157,131157,00010,2022-06
5650,PHILIPPINES,00010,COCOA BEANS,0,0,0,0,0,00010,2022-06
6040,PAPUA NEW GUINEA,00010,COCOA BEANS,1234230,1234230,0,494820,494820,00010,2022-06
2489,GRENADA,00010,COCOA BEANS,0,0,0,0,0,00010,2022-06
2740,TRINIDAD AND TOBAGO,00010,COCOA BEANS,0,0,0,0,0,00010,2022-06
3010,COLOMBIA,00010,COCOA BEANS,125648,125648,0,40239,40239,00010,2022-06
3070,VENEZUELA,00010,COCOA BEANS,185148,185148,0,105084,105084,00010,2022-06
3310,ECUADOR,00010,COCOA BEANS,12811832,12811832,2349,5266757,5266757,00010,2022-06
3330,PERU,00010,COCOA BEANS,561811,561811,0,151993,152950,00010,2022-06
3510,BRAZIL,00010,COCOA BEANS,277620,277620,0,102240,102240,00010,2022-06
4210,NETHERLANDS,00010,COCOA BEANS,637300,637300,0,104500,104500,00010,2022-06
4231,BELGIUM,00010,COCOA BEANS,0,0,0,0,0,00010,2022-06
4279,FRANCE,00010,COCOA BEANS,31732,31732,0,3745,3745,00010,2022-06
7470,SIERRA LEONE,00010,COCOA BEANS,0,0,0,0,0,00010,2022-06
7480,COTE D'IVOIRE,00010,COCOA BEANS,75921548,75921548,0,13110776,31106368,00010,2022-06
7490,GHANA,00010,COCOA BEANS,14632091,14632091,0,7908509,7908509,00010,2022-06
7520,TOGO,00010,COCOA BEANS,0,0,0,0,0,00010,2022-06
7530,NIGERIA,00010,COCOA BEANS,1106893,1106893,0,255410,255410,00010,2022-06
7660,DEMOCRATIC REPUBLIC OF THE CONGO,00010,COCOA BEANS,6209068,6209068,0,2227992,2227992,00010,2022-06
7780,UGANDA,00010,COCOA BEANS,112500,112500,0,25400,25400,00010,2022-06
4419,SWITZERLAND,00010,COCOA BEANS,3049,3049,0,304,304,00010,2022-06
4890,TURKEY,00010,COCOA BEANS,0,0,0,0,0,00010,2022-06
-,TOTAL FOR ALL COUNTRIES,00010,COCOA BEANS,124187173,124187173,2870,33136627,51133176,00010,2022-06
0003,EUROPEAN UNION,00010,COCOA BEANS,669032,669032,0,108245,108245,00010,2022-06
1XXX,NORTH AMERICA,00010,COCOA BEANS,11491,11491,0,0,0,00010,2022-06
4XXX,EUROPE,00010,COCOA BEANS,672081,672081,0,108549,108549,00010,2022-06
7XXX,AFRICA,00010,COCOA BEANS,98192100,98192100,0,23578822,41574414,00010,2022-06
0014,PACIFIC RIM COUNTRIES,00010,COCOA BEANS,2340944,2340944,0,625977,625977,00010,2022-06
5XXX,ASIA,00010,COCOA BEANS,1108989,1108989,0,131273,131273,00010,2022-06
0017,CAFTA-DR,00010,COCOA BEANS,8602821,8602821,521,2978500,2978500,00010,2022-06
6XXX,AUSTRALIA AND OCEANIA,00010,COCOA BEANS,1234230,1234230,0,494820,494820,00010,2022-06
0020,USMCA (NAFTA),00010,COCOA BEANS,11491,11491,0,0,0,00010,2022-06
0021,TWENTY LATIN AMERICAN REPUBLICS,00010,COCOA BEANS,22979773,22979773,2870,8823163,8824120,00010,2022-06
0022,OECD,00010,COCOA BEANS,683572,683572,0,108549,108549,00010,2022-06
0023,NATO,00010,COCOA BEANS,669032,669032,0,108245,108245,00010,2022-06
0024,LAFTA,00010,COCOA BEANS,13973550,13973550,2349,5666313,5667270,00010,2022-06
0025,EURO AREA,00010,COCOA BEANS,669032,669032,0,108245,108245,00010,2022-06
0026,APEC,00010,COCOA BEANS,2916521,2916521,0,778086,779043,00010,2022-06
0027,ASEAN,00010,COCOA BEANS,1108989,1108989,0,131273,131273,00010,2022-06
0028,CACM,00010,COCOA BEANS,18360,18360,521,4584,4584,00010,2022-06
2010,MEXICO,00010,COCOA BEANS,11491,11491,0,0,0,00010,2022-06
2050,GUATEMALA,00010,COCOA BEANS,2160,2160,0,804,804,00010,2022-06
2080,BELIZE,00010,COCOA BEANS,0,0,0,0,0,00010,2022-06
2110,EL SALVADOR,00010,COCOA BEANS,0,0,0,0,0,00010,2022-06
2150,HONDURAS,00010,COCOA BEANS,0,0,0,0,0,00010,2022-06
2190,NICARAGUA,00010,COCOA BEANS,11700,11700,0,3780,3780,00010,2022-06
2230,COSTA RICA,00010,COCOA BEANS,4500,4500,521,0,0,00010,2022-06
2450,HAITI,00010,COCOA BEANS,403402,403402,0,178350,178350,00010,2022-06
2470,DOMINICAN REPUBLIC,00010,COCOA BEANS,8584461,8584461,0,2973916,2973916,00010,2022-06
7830,TANZANIA,00010,COCOA BEANS,210000,210000,0,50735,50735,00010,2022-06
7880,MADAGASCAR,00010,COCOA BEANS,0,0,0,0,0,00010,2022-06
2XXX,CENTRAL AMERICA,00010,COCOA BEANS,9006223,9006223,521,3156850,3156850,00010,2022-06
3XXX,SOUTH AMERICA,00010,COCOA BEANS,13962059,13962059,2349,5666313,5667270,00010,2022-06
5490,THAILAND,00010,COCOA BEANS,0,0,0,0,0,00010,2022-07
5520,VIETNAM,00010,COCOA BEANS,0,0,0,0,0,00010,2022-07
5570,MALAYSIA,00010,COCOA BEANS,392377,392377,0,105000,105000,00010,2022-07
5600,INDONESIA,00010,COCOA BEANS,0,0,0,0,0,00010,2022-07
5650,PHILIPPINES,00010,COCOA BEANS,0,0,0,0,0,00010,2022-07
6040,PAPUA NEW GUINEA,00010,COCOA BEANS,726000,726000,0,301920,301920,00010,2022-07
2489,GRENADA,00010,COCOA BEANS,0,0,0,0,0,00010,2022-07
2740,TRINIDAD AND TOBAGO,00010,COCOA BEANS,0,0,0,0,0,00010,2022-07
3010,COLOMBIA,00010,COCOA BEANS,211045,211045,0,78400,78400,00010,2022-07
3070,VENEZUELA,00010,COCOA BEANS,536462,536462,0,264222,264222,00010,2022-07
3310,ECUADOR,00010,COCOA BEANS,11507827,11507827,0,4913518,4913518,00010,2022-07
3330,PERU,00010,COCOA BEANS,675802,675802,0,271122,271122,00010,2022-07
3510,BRAZIL,00010,COCOA BEANS,4320,4320,996,0,0,00010,2022-07
4210,NETHERLANDS,00010,COCOA BEANS,382380,382380,0,62700,62700,00010,2022-07
4231,BELGIUM,00010,COCOA BEANS,64813,64813,0,12374,12374,00010,2022-07
4279,FRANCE,00010,COCOA BEANS,6990,6990,0,646,646,00010,2022-07
4280,GERMANY,00010,COCOA BEANS,19970,19970,0,3015,3015,00010,2022-07
7470,SIERRA LEONE,00010,COCOA BEANS,0,0,0,0,0,00010,2022-07
7480,COTE D'IVOIRE,00010,COCOA BEANS,17875503,17875503,0,6955878,6955878,00010,2022-07
7490,GHANA,00010,COCOA BEANS,5543048,5543048,0,3435843,3435843,00010,2022-07
7520,TOGO,00010,COCOA BEANS,513039,513039,0,206420,206420,00010,2022-07
7530,NIGERIA,00010,COCOA BEANS,1158224,1158224,0,500940,500940,00010,2022-07
7630,CONGO,00010,COCOA BEANS,937392,937392,0,328250,328250,00010,2022-07
7660,DEMOCRATIC REPUBLIC OF THE CONGO,00010,COCOA BEANS,1896534,1896534,0,674301,674301,00010,2022-07
7780,UGANDA,00010,COCOA BEANS,88200,88200,0,26460,26460,00010,2022-07
4419,SWITZERLAND,00010,COCOA BEANS,45402,45402,0,3637,3637,00010,2022-07
4890,TURKEY,00010,COCOA BEANS,0,0,0,0,0,00010,2022-07
-,TOTAL FOR ALL COUNTRIES,00010,COCOA BEANS,48388381,48388381,1106,20027504,20027504,00010,2022-07
0003,EUROPEAN UNION,00010,COCOA BEANS,474153,474153,0,78735,78735,00010,2022-07
1XXX,NORTH AMERICA,00010,COCOA BEANS,6300,6300,0,0,0,00010,2022-07
4XXX,EUROPE,00010,COCOA BEANS,519555,519555,0,82372,82372,00010,2022-07
7XXX,AFRICA,00010,COCOA BEANS,28129907,28129907,0,12153517,12153517,00010,2022-07
0014,PACIFIC RIM COUNTRIES,00010,COCOA BEANS,1118377,1118377,0,406920,406920,00010,2022-07
5XXX,ASIA,00010,COCOA BEANS,392377,392377,0,105000,105000,00010,2022-07
0017,CAFTA-DR,00010,COCOA BEANS,5506458,5506458,0,1815092,1815092,00010,2022-07
6XXX,AUSTRALIA AND OCEANIA,00010,COCOA BEANS,726000,726000,0,301920,301920,00010,2022-07
0020,USMCA (NAFTA),00010,COCOA BEANS,6300,6300,0,0,0,00010,2022-07
0021,TWENTY LATIN AMERICAN REPUBLICS,00010,COCOA BEANS,18537354,18537354,1106,7368814,7368814,00010,2022-07
0022,OECD,00010,COCOA BEANS,525855,525855,0,82372,82372,00010,2022-07
0023,NATO,00010,COCOA BEANS,474153,474153,0,78735,78735,00010,2022-07
0024,LAFTA,00010,COCOA BEANS,12941756,12941756,996,5527262,5527262,00010,2022-07
0025,EURO AREA,00010,COCOA BEANS,474153,474153,0,78735,78735,00010,2022-07
0026,APEC,00010,COCOA BEANS,1800479,1800479,0,678042,678042,00010,2022-07
0027,ASEAN,00010,COCOA BEANS,392377,392377,0,105000,105000,00010,2022-07
0028,CACM,00010,COCOA BEANS,41480,41480,0,13496,13496,00010,2022-07
2010,MEXICO,00010,COCOA BEANS,6300,6300,0,0,0,00010,2022-07
2050,GUATEMALA,00010,COCOA BEANS,0,0,0,0,0,00010,2022-07
2080,BELIZE,00010,COCOA BEANS,83188,83188,0,15881,15881,00010,2022-07
2110,EL SALVADOR,00010,COCOA BEANS,5880,5880,0,1984,1984,00010,2022-07
2150,HONDURAS,00010,COCOA BEANS,0,0,0,0,0,00010,2022-07
2190,NICARAGUA,00010,COCOA BEANS,35600,35600,0,11512,11512,00010,2022-07
2230,COSTA RICA,00010,COCOA BEANS,0,0,0,0,0,00010,2022-07
2450,HAITI,00010,COCOA BEANS,89140,89140,110,26460,26460,00010,2022-07
2470,DOMINICAN REPUBLIC,00010,COCOA BEANS,5464978,5464978,0,1801596,1801596,00010,2022-07
7830,TANZANIA,00010,COCOA BEANS,48000,48000,0,12200,12200,00010,2022-07
7880,MADAGASCAR,00010,COCOA BEANS,69967,69967,0,13225,13225,00010,2022-07
2XXX,CENTRAL AMERICA,00010,COCOA BEANS,5678786,5678786,110,1857433,1857433,00010,2022-07
3XXX,SOUTH AMERICA,00010,COCOA BEANS,12935456,12935456,996,5527262,5527262,00010,2022-07
5490,THAILAND,00010,COCOA BEANS,5400,5400,0,850,850,00010,2022-08
5520,VIETNAM,00010,COCOA BEANS,0,0,0,0,0,00010,2022-08
5570,MALAYSIA,00010,COCOA BEANS,0,0,0,0,0,00010,2022-08
5600,INDONESIA,00010,COCOA BEANS,0,0,0,0,0,00010,2022-08
5650,PHILIPPINES,00010,COCOA BEANS,0,0,0,0,0,00010,2022-08
6040,PAPUA NEW GUINEA,00010,COCOA BEANS,827400,827400,0,343440,343440,00010,2022-08
2489,GRENADA,00010,COCOA BEANS,0,0,0,0,0,00010,2022-08
2740,TRINIDAD AND TOBAGO,00010,COCOA BEANS,57500,57500,0,10148,10148,00010,2022-08
3010,COLOMBIA,00010,COCOA BEANS,17707,17707,0,0,1680,00010,2022-08
3070,VENEZUELA,00010,COCOA BEANS,172526,172526,0,65720,65720,00010,2022-08
3310,ECUADOR,00010,COCOA BEANS,10086866,10086866,928,4260601,4260601,00010,2022-08
3330,PERU,00010,COCOA BEANS,1205714,1205714,0,475950,480062,00010,2022-08
3510,BRAZIL,00010,COCOA BEANS,0,0,0,0,0,00010,2022-08
4210,NETHERLANDS,00010,COCOA BEANS,6220,6220,0,814,814,00010,2022-08
4231,BELGIUM,00010,COCOA BEANS,279792,279792,0,50021,50021,00010,2022-08
4279,FRANCE,00010,COCOA BEANS,52299,52299,0,6370,6370,00010,2022-08
4280,GERMANY,00010,COCOA BEANS,0,0,0,0,0,00010,2022-08
7470,SIERRA LEONE,00010,COCOA BEANS,0,0,0,0,0,00010,2022-08
7480,COTE D'IVOIRE,00010,COCOA BEANS,15516377,15516377,0,6072921,6072921,00010,2022-08
7490,GHANA,00010,COCOA BEANS,10615192,10615192,0,4338169,4338169,00010,2022-08
7520,TOGO,00010,COCOA BEANS,0,0,0,0,0,00010,2022-08
7530,NIGERIA,00010,COCOA BEANS,0,0,0,0,0,00010,2022-08
7630,CONGO,00010,COCOA BEANS,510954,510954,0,176750,176750,00010,2022-08
7660,DEMOCRATIC REPUBLIC OF THE CONGO,00010,COCOA BEANS,143638,143638,0,50280,50280,00010,2022-08
7780,UGANDA,00010,COCOA BEANS,169313,169313,0,39375,39375,00010,2022-08
4419,SWITZERLAND,00010,COCOA BEANS,30577,30577,0,2391,2391,00010,2022-08
4890,TURKEY,00010,COCOA BEANS,0,0,0,0,0,00010,2022-08
-,TOTAL FOR ALL COUNTRIES,00010,COCOA BEANS,45888951,45888951,928,18089195,18094987,00010,2022-08
0003,EUROPEAN UNION,00010,COCOA BEANS,338311,338311,0,57205,57205,00010,2022-08
1XXX,NORTH AMERICA,00010,COCOA BEANS,0,0,0,0,0,00010,2022-08
4XXX,EUROPE,00010,COCOA BEANS,368888,368888,0,59596,59596,00010,2022-08
7XXX,AFRICA,00010,COCOA BEANS,27196374,27196374,0,10775235,10775235,00010,2022-08
0014,PACIFIC RIM COUNTRIES,00010,COCOA BEANS,827400,827400,0,343440,343440,00010,2022-08
5XXX,ASIA,00010,COCOA BEANS,5400,5400,0,850,850,00010,2022-08
0017,CAFTA-DR,00010,COCOA BEANS,5605942,5605942,0,1967073,1967073,00010,2022-08
6XXX,AUSTRALIA AND OCEANIA,00010,COCOA BEANS,827400,827400,0,343440,343440,00010,2022-08
0020,USMCA (NAFTA),00010,COCOA BEANS,0,0,0,0,0,00010,2022-08
0021,TWENTY LATIN AMERICAN REPUBLICS,00010,COCOA BEANS,17433389,17433389,928,6899926,6905718,00010,2022-08
0022,OECD,00010,COCOA BEANS,368888,368888,0,59596,59596,00010,2022-08
0023,NATO,00010,COCOA BEANS,338311,338311,0,57205,57205,00010,2022-08
0024,LAFTA,00010,COCOA BEANS,11482813,11482813,928,4802271,4808063,00010,2022-08
0025,EURO AREA,00010,COCOA BEANS,338311,338311,0,57205,57205,00010,2022-08
0026,APEC,00010,COCOA BEANS,2038514,2038514,0,820240,824352,00010,2022-08
0027,ASEAN,00010,COCOA BEANS,5400,5400,0,850,850,00010,2022-08
0028,CACM,00010,COCOA BEANS,3837,3837,0,3615,3615,00010,2022-08
2010,MEXICO,00010,COCOA BEANS,0,0,0,0,0,00010,2022-08
2050,GUATEMALA,00010,COCOA BEANS,0,0,0,0,0,00010,2022-08
2080,BELIZE,00010,COCOA BEANS,0,0,0,0,0,00010,2022-08
2110,EL SALVADOR,00010,COCOA BEANS,3837,3837,0,3615,3615,00010,2022-08
2150,HONDURAS,00010,COCOA BEANS,0,0,0,0,0,00010,2022-08
2190,NICARAGUA,00010,COCOA BEANS,0,0,0,0,0,00010,2022-08
2230,COSTA RICA,00010,COCOA BEANS,0,0,0,0,0,00010,2022-08
2450,HAITI,00010,COCOA BEANS,344634,344634,0,130582,130582,00010,2022-08
2470,DOMINICAN REPUBLIC,00010,COCOA BEANS,5602105,5602105,0,1963458,1963458,00010,2022-08
7830,TANZANIA,00010,COCOA BEANS,240900,240900,0,97740,97740,00010,2022-08
7880,MADAGASCAR,00010,COCOA BEANS,0,0,0,0,0,00010,2022-08
2XXX,CENTRAL AMERICA,00010,COCOA BEANS,6008076,6008076,0,2107803,2107803,00010,2022-08
3XXX,SOUTH AMERICA,00010,COCOA BEANS,11482813,11482813,928,4802271,4808063,00010,2022-08
5490,THAILAND,00010,COCOA BEANS,0,0,0,0,0,00010,2022-09
5520,VIETNAM,00010,COCOA BEANS,0,0,0,0,0,00010,2022-09
5570,MALAYSIA,00010,COCOA BEANS,0,0,0,0,0,00010,2022-09
5600,INDONESIA,00010,COCOA BEANS,0,0,0,0,0,00010,2022-09
5650,PHILIPPINES,00010,COCOA BEANS,0,0,0,0,0,00010,2022-09
6040,PAPUA NEW GUINEA,00010,COCOA BEANS,2212250,2212250,0,985540,985540,00010,2022-09
2489,GRENADA,00010,COCOA BEANS,0,0,0,0,0,00010,2022-09
2740,TRINIDAD AND TOBAGO,00010,COCOA BEANS,0,0,0,0,0,00010,2022-09
3010,COLOMBIA,00010,COCOA BEANS,69957,69957,176,13208,13208,00010,2022-09
3070,VENEZUELA,00010,COCOA BEANS,277722,277722,0,157626,157626,00010,2022-09
3310,ECUADOR,00010,COCOA BEANS,7620761,7620761,1100,3089357,3089357,00010,2022-09
3330,PERU,00010,COCOA BEANS,1269257,1269257,0,506678,506678,00010,2022-09
3510,BRAZIL,00010,COCOA BEANS,0,0,0,0,0,00010,2022-09
4210,NETHERLANDS,00010,COCOA BEANS,0,0,0,0,0,00010,2022-09
4231,BELGIUM,00010,COCOA BEANS,0,0,0,0,0,00010,2022-09
4279,FRANCE,00010,COCOA BEANS,52382,52382,0,5500,5500,00010,2022-09
4280,GERMANY,00010,COCOA BEANS,0,0,0,0,0,00010,2022-09
6863,FIJI,00010,COCOA BEANS,5000,5000,500,0,0,00010,2022-09
7470,SIERRA LEONE,00010,COCOA BEANS,0,0,0,0,0,00010,2022-09
7480,COTE D'IVOIRE,00010,COCOA BEANS,14742590,14742590,0,5760432,5760432,00010,2022-09
7490,GHANA,00010,COCOA BEANS,9535212,9535212,0,6419250,6419250,00010,2022-09
7520,TOGO,00010,COCOA BEANS,0,0,0,0,0,00010,2022-09
7530,NIGERIA,00010,COCOA BEANS,0,0,0,0,0,00010,2022-09
7630,CONGO,00010,COCOA BEANS,0,0,0,0,0,00010,2022-09
7660,DEMOCRATIC REPUBLIC OF THE CONGO,00010,COCOA BEANS,3182169,3182169,0,1191788,1191788,00010,2022-09
7780,UGANDA,00010,COCOA BEANS,0,0,0,0,0,00010,2022-09
4419,SWITZERLAND,00010,COCOA BEANS,17174,17174,0,1353,1353,00010,2022-09
4890,TURKEY,00010,COCOA BEANS,0,0,0,0,0,00010,2022-09
-,TOTAL FOR ALL COUNTRIES,00010,COCOA BEANS,42780973,42780973,2222,19466573,19466573,00010,2022-09
0003,EUROPEAN UNION,00010,COCOA BEANS,52382,52382,0,5500,5500,00010,2022-09
1XXX,NORTH AMERICA,00010,COCOA BEANS,13342,13342,0,0,0,00010,2022-09
4XXX,EUROPE,00010,COCOA BEANS,69556,69556,0,6853,6853,00010,2022-09
7XXX,AFRICA,00010,COCOA BEANS,27527153,27527153,0,13384700,13384700,00010,2022-09
0014,PACIFIC RIM COUNTRIES,00010,COCOA BEANS,2212250,2212250,0,985540,985540,00010,2022-09
5XXX,ASIA,00010,COCOA BEANS,0,0,0,0,0,00010,2022-09
0017,CAFTA-DR,00010,COCOA BEANS,3658500,3658500,446,1311638,1311638,00010,2022-09
6XXX,AUSTRALIA AND OCEANIA,00010,COCOA BEANS,2217250,2217250,500,985540,985540,00010,2022-09
0020,USMCA (NAFTA),00010,COCOA BEANS,13342,13342,0,0,0,00010,2022-09
0021,TWENTY LATIN AMERICAN REPUBLICS,00010,COCOA BEANS,12909539,12909539,1722,5078507,5078507,00010,2022-09
0022,OECD,00010,COCOA BEANS,82898,82898,0,6853,6853,00010,2022-09
0023,NATO,00010,COCOA BEANS,52382,52382,0,5500,5500,00010,2022-09
0024,LAFTA,00010,COCOA BEANS,9251039,9251039,1276,3766869,3766869,00010,2022-09
0025,EURO AREA,00010,COCOA BEANS,52382,52382,0,5500,5500,00010,2022-09
0026,APEC,00010,COCOA BEANS,3494849,3494849,0,1492218,1492218,00010,2022-09
0027,ASEAN,00010,COCOA BEANS,0,0,0,0,0,00010,2022-09
0028,CACM,00010,COCOA BEANS,161551,161551,446,30633,30633,00010,2022-09
2010,MEXICO,00010,COCOA BEANS,13342,13342,0,0,0,00010,2022-09
2050,GUATEMALA,00010,COCOA BEANS,75762,75762,0,14213,14213,00010,2022-09
2080,BELIZE,00010,COCOA BEANS,57475,57475,0,10973,10973,00010,2022-09
2110,EL SALVADOR,00010,COCOA BEANS,0,0,0,0,0,00010,2022-09
2150,HONDURAS,00010,COCOA BEANS,0,0,0,0,0,00010,2022-09
2190,NICARAGUA,00010,COCOA BEANS,82271,82271,0,16420,16420,00010,2022-09
2230,COSTA RICA,00010,COCOA BEANS,3518,3518,446,0,0,00010,2022-09
2450,HAITI,00010,COCOA BEANS,0,0,0,0,0,00010,2022-09
2470,DOMINICAN REPUBLIC,00010,COCOA BEANS,3496949,3496949,0,1281005,1281005,00010,2022-09
7830,TANZANIA,00010,COCOA BEANS,0,0,0,0,0,00010,2022-09
7880,MADAGASCAR,00010,COCOA BEANS,67182,67182,0,13230,13230,00010,2022-09
2XXX,CENTRAL AMERICA,00010,COCOA BEANS,3715975,3715975,446,1322611,1322611,00010,2022-09
3XXX,SOUTH AMERICA,00010,COCOA BEANS,9237697,9237697,1276,3766869,3766869,00010,2022-09
5490,THAILAND,00010,COCOA BEANS,0,0,0,0,0,00010,2022-10
5520,VIETNAM,00010,COCOA BEANS,31000,31000,0,5200,5200,00010,2022-10
5570,MALAYSIA,00010,COCOA BEANS,0,0,0,0,0,00010,2022-10
5600,INDONESIA,00010,COCOA BEANS,0,0,0,0,0,00010,2022-10
5650,PHILIPPINES,00010,COCOA BEANS,0,0,0,0,0,00010,2022-10
6040,PAPUA NEW GUINEA,00010,COCOA BEANS,2619160,2619160,0,1153080,1153080,00010,2022-10
2489,GRENADA,00010,COCOA BEANS,0,0,0,0,0,00010,2022-10
2740,TRINIDAD AND TOBAGO,00010,COCOA BEANS,0,0,0,0,0,00010,2022-10
3010,COLOMBIA,00010,COCOA BEANS,62118,62118,0,8771,8771,00010,2022-10
3070,VENEZUELA,00010,COCOA BEANS,92574,92574,0,52542,52542,00010,2022-10
3310,ECUADOR,00010,COCOA BEANS,16222490,16222490,4524,7115818,7115818,00010,2022-10
3330,PERU,00010,COCOA BEANS,1586876,1586876,1038,551265,551265,00010,2022-10
3510,BRAZIL,00010,COCOA BEANS,4320,4320,0,0,1000,00010,2022-10
4210,NETHERLANDS,00010,COCOA BEANS,0,0,0,0,0,00010,2022-10
4231,BELGIUM,00010,COCOA BEANS,0,0,0,0,0,00010,2022-10
4279,FRANCE,00010,COCOA BEANS,35110,35110,0,3675,3675,00010,2022-10
4280,GERMANY,00010,COCOA BEANS,0,0,0,0,0,00010,2022-10
6863,FIJI,00010,COCOA BEANS,0,0,0,0,0,00010,2022-10
7470,SIERRA LEONE,00010,COCOA BEANS,0,0,0,0,0,00010,2022-10
7480,COTE D'IVOIRE,00010,COCOA BEANS,8571656,8571656,0,3297249,3424019,00010,2022-10
7490,GHANA,00010,COCOA BEANS,8106584,8106584,0,4165243,4165243,00010,2022-10
7520,TOGO,00010,COCOA BEANS,0,0,0,0,0,00010,2022-10
7530,NIGERIA,00010,COCOA BEANS,0,0,0,0,0,00010,2022-10
7630,CONGO,00010,COCOA BEANS,0,0,0,0,0,00010,2022-10
7660,DEMOCRATIC REPUBLIC OF THE CONGO,00010,COCOA BEANS,910153,910153,0,349567,349567,00010,2022-10
7780,UGANDA,00010,COCOA BEANS,0,0,0,0,0,00010,2022-10
4419,SWITZERLAND,00010,COCOA BEANS,10116,10116,0,893,893,00010,2022-10
4890,TURKEY,00010,COCOA BEANS,0,0,0,0,0,00010,2022-10
-,TOTAL FOR ALL COUNTRIES,00010,COCOA BEANS,42653492,42653492,5562,18316711,18444481,00010,2022-10
0003,EUROPEAN UNION,00010,COCOA BEANS,35110,35110,0,3675,3675,00010,2022-10
1XXX,NORTH AMERICA,00010,COCOA BEANS,40428,40428,0,0,0,00010,2022-10
4XXX,EUROPE,00010,COCOA BEANS,45226,45226,0,4568,4568,00010,2022-10
7XXX,AFRICA,00010,COCOA BEANS,17755245,17755245,0,7885544,8012314,00010,2022-10
0014,PACIFIC RIM COUNTRIES,00010,COCOA BEANS,2619160,2619160,0,1153080,1153080,00010,2022-10
5XXX,ASIA,00010,COCOA BEANS,31000,31000,0,5200,5200,00010,2022-10
0017,CAFTA-DR,00010,COCOA BEANS,4114675,4114675,0,1513463,1513463,00010,2022-10
6XXX,AUSTRALIA AND OCEANIA,00010,COCOA BEANS,2619160,2619160,0,1153080,1153080,00010,2022-10
0020,USMCA (NAFTA),00010,COCOA BEANS,40428,40428,0,0,0,00010,2022-10
0021,TWENTY LATIN AMERICAN REPUBLICS,00010,COCOA BEANS,22202861,22202861,5562,9268319,9269319,00010,2022-10
0022,OECD,00010,COCOA BEANS,85654,85654,0,4568,4568,00010,2022-10
0023,NATO,00010,COCOA BEANS,35110,35110,0,3675,3675,00010,2022-10
0024,LAFTA,00010,COCOA BEANS,18008806,18008806,5562,7728396,7729396,00010,2022-10
0025,EURO AREA,00010,COCOA BEANS,35110,35110,0,3675,3675,00010,2022-10
0026,APEC,00010,COCOA BEANS,4277464,4277464,1038,1709545,1709545,00010,2022-10
0027,ASEAN,00010,COCOA BEANS,31000,31000,0,5200,5200,00010,2022-10
0028,CACM,00010,COCOA BEANS,67481,67481,0,14000,14000,00010,2022-10
2010,MEXICO,00010,COCOA BEANS,40428,40428,0,0,0,00010,2022-10
2050,GUATEMALA,00010,COCOA BEANS,0,0,0,0,0,00010,2022-10
2080,BELIZE,00010,COCOA BEANS,0,0,0,0,0,00010,2022-10
2110,EL SALVADOR,00010,COCOA BEANS,0,0,0,0,0,00010,2022-10
2150,HONDURAS,00010,COCOA BEANS,0,0,0,0,0,00010,2022-10
2190,NICARAGUA,00010,COCOA BEANS,67481,67481,0,14000,14000,00010,2022-10
2230,COSTA RICA,00010,COCOA BEANS,0,0,0,0,0,00010,2022-10
2450,HAITI,00010,COCOA BEANS,79380,79380,0,26460,26460,00010,2022-10
2470,DOMINICAN REPUBLIC,00010,COCOA BEANS,4047194,4047194,0,1499463,1499463,00010,2022-10
7830,TANZANIA,00010,COCOA BEANS,166852,166852,0,73485,73485,00010,2022-10
7880,MADAGASCAR,00010,COCOA BEANS,0,0,0,0,0,00010,2022-10
2XXX,CENTRAL AMERICA,00010,COCOA BEANS,4194055,4194055,0,1539923,1539923,00010,2022-10
3XXX,SOUTH AMERICA,00010,COCOA BEANS,17968378,17968378,5562,7728396,7729396,00010,2022-10
5490,THAILAND,00010,COCOA BEANS,0,0,0,0,0,00010,2022-11
5520,VIETNAM,00010,COCOA BEANS,0,0,0,0,0,00010,2022-11
5570,MALAYSIA,00010,COCOA BEANS,0,0,0,0,0,00010,2022-11
5600,INDONESIA,00010,COCOA BEANS,95219,95219,0,24491,24491,00010,2022-11
5650,PHILIPPINES,00010,COCOA BEANS,0,0,0,0,0,00010,2022-11
6040,PAPUA NEW GUINEA,00010,COCOA BEANS,1589225,1589225,0,717400,717400,00010,2022-11
2489,GRENADA,00010,COCOA BEANS,0,0,0,0,0,00010,2022-11
2740,TRINIDAD AND TOBAGO,00010,COCOA BEANS,0,0,0,0,0,00010,2022-11
3010,COLOMBIA,00010,COCOA BEANS,47088,47088,0,12676,12676,00010,2022-11
3070,VENEZUELA,00010,COCOA BEANS,65608,65608,0,25578,25578,00010,2022-11
3310,ECUADOR,00010,COCOA BEANS,17920976,17920976,1829,7738203,7738203,00010,2022-11
3330,PERU,00010,COCOA BEANS,1582398,1582398,0,515341,515341,00010,2022-11
3510,BRAZIL,00010,COCOA BEANS,0,0,0,0,0,00010,2022-11
4210,NETHERLANDS,00010,COCOA BEANS,0,0,0,0,0,00010,2022-11
4231,BELGIUM,00010,COCOA BEANS,0,0,0,0,0,00010,2022-11
4279,FRANCE,00010,COCOA BEANS,28336,28336,0,2654,2654,00010,2022-11
4280,GERMANY,00010,COCOA BEANS,0,0,0,0,0,00010,2022-11
4351,CZECH REPUBLIC,00010,COCOA BEANS,70688,70688,515,0,0,00010,2022-11
6863,FIJI,00010,COCOA BEANS,0,0,0,0,0,00010,2022-11
7470,SIERRA LEONE,00010,COCOA BEANS,0,0,0,0,0,00010,2022-11
7480,COTE D'IVOIRE,00010,COCOA BEANS,3552640,3552640,0,1472962,1472962,00010,2022-11
7490,GHANA,00010,COCOA BEANS,1185767,1185767,0,447172,447172,00010,2022-11
7520,TOGO,00010,COCOA BEANS,0,0,0,0,0,00010,2022-11
7530,NIGERIA,00010,COCOA BEANS,538996,538996,0,253400,253400,00010,2022-11
7630,CONGO,00010,COCOA BEANS,0,0,0,0,0,00010,2022-11
7660,DEMOCRATIC REPUBLIC OF THE CONGO,00010,COCOA BEANS,140407,140407,0,50400,50400,00010,2022-11
7780,UGANDA,00010,COCOA BEANS,56250,56250,0,13125,13125,00010,2022-11
4419,SWITZERLAND,00010,COCOA BEANS,17256,17256,0,1534,1534,00010,2022-11
4890,TURKEY,00010,COCOA BEANS,0,0,0,0,0,00010,2022-11
-,TOTAL FOR ALL COUNTRIES,00010,COCOA BEANS,31478997,31478997,2344,12945514,12945514,00010,2022-11
0003,EUROPEAN UNION,00010,COCOA BEANS,99024,99024,515,2654,2654,00010,2022-11
1XXX,NORTH AMERICA,00010,COCOA BEANS,6240,6240,0,0,0,00010,2022-11
4XXX,EUROPE,00010,COCOA BEANS,116280,116280,515,4188,4188,00010,2022-11
7XXX,AFRICA,00010,COCOA BEANS,5691080,5691080,0,2320847,2320847,00010,2022-11
0014,PACIFIC RIM COUNTRIES,00010,COCOA BEANS,1684444,1684444,0,741891,741891,00010,2022-11
5XXX,ASIA,00010,COCOA BEANS,95219,95219,0,24491,24491,00010,2022-11
0017,CAFTA-DR,00010,COCOA BEANS,4283208,4283208,0,1571197,1571197,00010,2022-11
6XXX,AUSTRALIA AND OCEANIA,00010,COCOA BEANS,1589225,1589225,0,717400,717400,00010,2022-11
0020,USMCA (NAFTA),00010,COCOA BEANS,6240,6240,0,0,0,00010,2022-11
0021,TWENTY LATIN AMERICAN REPUBLICS,00010,COCOA BEANS,23905518,23905518,1829,9862995,9862995,00010,2022-11
0022,OECD,00010,COCOA BEANS,122520,122520,515,4188,4188,00010,2022-11
0023,NATO,00010,COCOA BEANS,99024,99024,515,2654,2654,00010,2022-11
0024,LAFTA,00010,COCOA BEANS,19622310,19622310,1829,8291798,8291798,00010,2022-11
0025,EURO AREA,00010,COCOA BEANS,28336,28336,0,2654,2654,00010,2022-11
0026,APEC,00010,COCOA BEANS,3273082,3273082,0,1257232,1257232,00010,2022-11
0027,ASEAN,00010,COCOA BEANS,95219,95219,0,24491,24491,00010,2022-11
0028,CACM,00010,COCOA BEANS,22791,22791,0,9140,9140,00010,2022-11
2010,MEXICO,00010,COCOA BEANS,6240,6240,0,0,0,00010,2022-11
2050,GUATEMALA,00010,COCOA BEANS,4709,4709,0,1218,1218,00010,2022-11
2080,BELIZE,00010,COCOA BEANS,81675,81675,0,15593,15593,00010,2022-11
2110,EL SALVADOR,00010,COCOA BEANS,0,0,0,0,0,00010,2022-11
2150,HONDURAS,00010,COCOA BEANS,2301,2301,0,2411,2411,00010,2022-11
2190,NICARAGUA,00010,COCOA BEANS,0,0,0,0,0,00010,2022-11
2230,COSTA RICA,00010,COCOA BEANS,15781,15781,0,5511,5511,00010,2022-11
2450,HAITI,00010,COCOA BEANS,0,0,0,0,0,00010,2022-11
2470,DOMINICAN REPUBLIC,00010,COCOA BEANS,4260417,4260417,0,1562057,1562057,00010,2022-11
7830,TANZANIA,00010,COCOA BEANS,152415,152415,0,70560,70560,00010,2022-11
7880,MADAGASCAR,00010,COCOA BEANS,64605,64605,0,13228,13228,00010,2022-11
2XXX,CENTRAL AMERICA,00010,COCOA BEANS,4364883,4364883,0,1586790,1586790,00010,2022-11
3XXX,SOUTH AMERICA,00010,COCOA BEANS,19616070,19616070,1829,8291798,8291798,00010,2022-11
5490,THAILAND,00010,COCOA BEANS,0,0,0,0,0,00010,2022-12
5520,VIETNAM,00010,COCOA BEANS,0,0,0,0,0,00010,2022-12
5570,MALAYSIA,00010,COCOA BEANS,0,0,0,0,0,00010,2022-12
5600,INDONESIA,00010,COCOA BEANS,2908,2908,0,449,449,00010,2022-12
5650,PHILIPPINES,00010,COCOA BEANS,0,0,0,0,0,00010,2022-12
6040,PAPUA NEW GUINEA,00010,COCOA BEANS,2325760,2325760,0,1071920,1071920,00010,2022-12
2489,GRENADA,00010,COCOA BEANS,0,0,0,0,0,00010,2022-12
2740,TRINIDAD AND TOBAGO,00010,COCOA BEANS,0,0,0,0,0,00010,2022-12
3010,COLOMBIA,00010,COCOA BEANS,0,0,0,0,0,00010,2022-12
3070,VENEZUELA,00010,COCOA BEANS,185148,185148,0,105084,105084,00010,2022-12
3310,ECUADOR,00010,COCOA BEANS,14772103,14772103,1502,6034752,6034752,00010,2022-12
3330,PERU,00010,COCOA BEANS,650426,650426,410,142288,142288,00010,2022-12
3350,BOLIVIA,00010,COCOA BEANS,46600,46600,0,22150,22150,00010,2022-12
3510,BRAZIL,00010,COCOA BEANS,29352,29352,0,6588,6588,00010,2022-12
4210,NETHERLANDS,00010,COCOA BEANS,0,0,0,0,0,00010,2022-12
4231,BELGIUM,00010,COCOA BEANS,0,0,0,0,0,00010,2022-12
4279,FRANCE,00010,COCOA BEANS,53542,53542,0,5689,5689,00010,2022-12
4280,GERMANY,00010,COCOA BEANS,0,0,0,0,0,00010,2022-12
4351,CZECH REPUBLIC,00010,COCOA BEANS,0,0,0,0,0,00010,2022-12
6863,FIJI,00010,COCOA BEANS,0,0,0,0,0,00010,2022-12
7470,SIERRA LEONE,00010,COCOA BEANS,0,0,0,0,0,00010,2022-12
7480,COTE D'IVOIRE,00010,COCOA BEANS,0,0,0,0,0,00010,2022-12
7490,GHANA,00010,COCOA BEANS,3996715,3996715,0,1260000,1260000,00010,2022-12
7520,TOGO,00010,COCOA BEANS,253491,253491,0,104300,104300,00010,2022-12
7530,NIGERIA,00010,COCOA BEANS,0,0,0,0,0,00010,2022-12
7630,CONGO,00010,COCOA BEANS,0,0,0,0,0,00010,2022-12
7660,DEMOCRATIC REPUBLIC OF THE CONGO,00010,COCOA BEANS,702035,702035,0,252720,252720,00010,2022-12
7780,UGANDA,00010,COCOA BEANS,0,0,0,0,0,00010,2022-12
4419,SWITZERLAND,00010,COCOA BEANS,0,0,0,0,0,00010,2022-12
4890,TURKEY,00010,COCOA BEANS,0,0,0,0,0,00010,2022-12
-,TOTAL FOR ALL COUNTRIES,00010,COCOA BEANS,25359350,25359350,1912,9876846,9879092,00010,2022-12
0003,EUROPEAN UNION,00010,COCOA BEANS,53542,53542,0,5689,5689,00010,2022-12
1XXX,NORTH AMERICA,00010,COCOA BEANS,0,0,0,0,0,00010,2022-12
4XXX,EUROPE,00010,COCOA BEANS,53542,53542,0,5689,5689,00010,2022-12
7XXX,AFRICA,00010,COCOA BEANS,5655237,5655237,0,1878294,1878294,00010,2022-12
0014,PACIFIC RIM COUNTRIES,00010,COCOA BEANS,2328668,2328668,0,1072369,1072369,00010,2022-12
5XXX,ASIA,00010,COCOA BEANS,2908,2908,0,449,449,00010,2022-12
0017,CAFTA-DR,00010,COCOA BEANS,1638274,1638274,0,609632,611878,00010,2022-12
6XXX,AUSTRALIA AND OCEANIA,00010,COCOA BEANS,2325760,2325760,0,1071920,1071920,00010,2022-12
0020,USMCA (NAFTA),00010,COCOA BEANS,0,0,0,0,0,00010,2022-12
0021,TWENTY LATIN AMERICAN REPUBLICS,00010,COCOA BEANS,17321903,17321903,1912,6920494,6922740,00010,2022-12
0022,OECD,00010,COCOA BEANS,53542,53542,0,5689,5689,00010,2022-12
0023,NATO,00010,COCOA BEANS,53542,53542,0,5689,5689,00010,2022-12
0024,LAFTA,00010,COCOA BEANS,15683629,15683629,1912,6310862,6310862,00010,2022-12
0025,EURO AREA,00010,COCOA BEANS,53542,53542,0,5689,5689,00010,2022-12
0026,APEC,00010,COCOA BEANS,2979094,2979094,410,1214657,1214657,00010,2022-12
0027,ASEAN,00010,COCOA BEANS,2908,2908,0,449,449,00010,2022-12
0028,CACM,00010,COCOA BEANS,19345,19345,0,4823,4823,00010,2022-12
2010,MEXICO,00010,COCOA BEANS,0,0,0,0,0,00010,2022-12
2050,GUATEMALA,00010,COCOA BEANS,0,0,0,0,0,00010,2022-12
2080,BELIZE,00010,COCOA BEANS,0,0,0,0,0,00010,2022-12
2110,EL SALVADOR,00010,COCOA BEANS,19345,19345,0,4823,4823,00010,2022-12
2150,HONDURAS,00010,COCOA BEANS,0,0,0,0,0,00010,2022-12
2190,NICARAGUA,00010,COCOA BEANS,0,0,0,0,0,00010,2022-12
2230,COSTA RICA,00010,COCOA BEANS,0,0,0,0,0,00010,2022-12
2450,HAITI,00010,COCOA BEANS,0,0,0,0,0,00010,2022-12
2470,DOMINICAN REPUBLIC,00010,COCOA BEANS,1618929,1618929,0,604809,607055,00010,2022-12
7830,TANZANIA,00010,COCOA BEANS,702996,702996,0,261274,261274,00010,2022-12
7880,MADAGASCAR,00010,COCOA BEANS,0,0,0,0,0,00010,2022-12
2XXX,CENTRAL AMERICA,00010,COCOA BEANS,1638274,1638274,0,609632,611878,00010,2022-12
3XXX,SOUTH AMERICA,00010,COCOA BEANS,15683629,15683629,1912,6310862,6310862,00010,2022-12
6040,PAPUA NEW GUINEA,00010,COCOA BEANS,2466050,2466050,0,1056700,1056700,00010,2023-01
3070,VENEZUELA,00010,COCOA BEANS,249648,249648,0,130662,130662,00010,2023-01
3310,ECUADOR,00010,COCOA BEANS,9485349,9485349,2958,3065292,3065292,00010,2023-01
3330,PERU,00010,COCOA BEANS,625370,625370,0,193203,193203,00010,2023-01
4279,FRANCE,00010,COCOA BEANS,19653,19653,0,1690,1690,00010,2023-01
7480,COTE D'IVOIRE,00010,COCOA BEANS,94269548,94269548,0,1723801,44574200,00010,2023-01
7490,GHANA,00010,COCOA BEANS,12452672,12452672,0,4863635,4863635,00010,2023-01
7520,TOGO,00010,COCOA BEANS,252919,252919,0,104080,104080,00010,2023-01
7530,NIGERIA,00010,COCOA BEANS,1472522,1472522,0,672701,672701,00010,2023-01
4419,SWITZERLAND,00010,COCOA BEANS,27000,27000,0,2254,2254,00010,2023-01
-,TOTAL FOR ALL COUNTRIES,00010,COCOA BEANS,124771289,124771289,2958,13040616,55891015,00010,2023-01
0003,EUROPEAN UNION,00010,COCOA BEANS,19653,19653,0,1690,1690,00010,2023-01
1XXX,NORTH AMERICA,00010,COCOA BEANS,16897,16897,0,0,0,00010,2023-01
4XXX,EUROPE,00010,COCOA BEANS,46653,46653,0,3944,3944,00010,2023-01
7XXX,AFRICA,00010,COCOA BEANS,108512761,108512761,0,7377888,50228287,00010,2023-01
0014,PACIFIC RIM COUNTRIES,00010,COCOA BEANS,2466050,2466050,0,1056700,1056700,00010,2023-01
0017,CAFTA-DR,00010,COCOA BEANS,3368561,3368561,0,1212927,1212927,00010,2023-01
6XXX,AUSTRALIA AND OCEANIA,00010,COCOA BEANS,2466050,2466050,0,1056700,1056700,00010,2023-01
0020,USMCA (NAFTA),00010,COCOA BEANS,16897,16897,0,0,0,00010,2023-01
0021,TWENTY LATIN AMERICAN REPUBLICS,00010,COCOA BEANS,13745825,13745825,2958,4602084,4602084,00010,2023-01
0022,OECD,00010,COCOA BEANS,63550,63550,0,3944,3944,00010,2023-01
0023,NATO,00010,COCOA BEANS,19653,19653,0,1690,1690,00010,2023-01
0024,LAFTA,00010,COCOA BEANS,10377264,10377264,2958,3389157,3389157,00010,2023-01
0025,EURO AREA,00010,COCOA BEANS,19653,19653,0,1690,1690,00010,2023-01
0026,APEC,00010,COCOA BEANS,3108317,3108317,0,1249903,1249903,00010,2023-01
0028,CACM,00010,COCOA BEANS,51105,51105,0,9765,9765,00010,2023-01
2010,MEXICO,00010,COCOA BEANS,16897,16897,0,0,0,00010,2023-01
2050,GUATEMALA,00010,COCOA BEANS,51105,51105,0,9765,9765,00010,2023-01
2470,DOMINICAN REPUBLIC,00010,COCOA BEANS,3317456,3317456,0,1203162,1203162,00010,2023-01
7830,TANZANIA,00010,COCOA BEANS,65100,65100,0,13671,13671,00010,2023-01
2XXX,CENTRAL AMERICA,00010,COCOA BEANS,3368561,3368561,0,1212927,1212927,00010,2023-01
3XXX,SOUTH AMERICA,00010,COCOA BEANS,10360367,10360367,2958,3389157,3389157,00010,2023-01
5600,INDONESIA,00010,COCOA BEANS,285447,285447,0,74090,74090,00010,2023-02
5650,PHILIPPINES,00010,COCOA BEANS,60375,60375,0,11025,11025,00010,2023-02
6040,PAPUA NEW GUINEA,00010,COCOA BEANS,806210,806210,0,334300,334300,00010,2023-02
3070,VENEZUELA,00010,COCOA BEANS,92574,92574,0,52542,52542,00010,2023-02
3310,ECUADOR,00010,COCOA BEANS,5808376,5808376,2366,2089695,2089695,00010,2023-02
3330,PERU,00010,COCOA BEANS,508667,508667,0,141715,141715,00010,2023-02
3510,BRAZIL,00010,COCOA BEANS,5825,5825,560,0,0,00010,2023-02
4279,FRANCE,00010,COCOA BEANS,30142,30142,0,2820,2820,00010,2023-02
7480,COTE D'IVOIRE,00010,COCOA BEANS,71575269,71575269,0,2264961,30866331,00010,2023-02
7490,GHANA,00010,COCOA BEANS,26585456,26585456,0,13360966,13360966,00010,2023-02
7520,TOGO,00010,COCOA BEANS,773467,773467,0,317560,317560,00010,2023-02
7530,NIGERIA,00010,COCOA BEANS,205383,205383,0,105196,105196,00010,2023-02
4419,SWITZERLAND,00010,COCOA BEANS,11749,11749,0,1020,1020,00010,2023-02
-,TOTAL FOR ALL COUNTRIES,00010,COCOA BEANS,110143547,110143547,2926,19849097,48450467,00010,2023-02
0003,EUROPEAN UNION,00010,COCOA BEANS,30142,30142,0,2820,2820,00010,2023-02
1XXX,NORTH AMERICA,00010,COCOA BEANS,28884,28884,0,0,0,00010,2023-02
4XXX,EUROPE,00010,COCOA BEANS,41891,41891,0,3840,3840,00010,2023-02
7XXX,AFRICA,00010,COCOA BEANS,99139575,99139575,0,16048683,44650053,00010,2023-02
0014,PACIFIC RIM COUNTRIES,00010,COCOA BEANS,1152032,1152032,0,419415,419415,00010,2023-02
5XXX,ASIA,00010,COCOA BEANS,345822,345822,0,85115,85115,00010,2023-02
0017,CAFTA-DR,00010,COCOA BEANS,3365723,3365723,0,1093207,1093207,00010,2023-02
6XXX,AUSTRALIA AND OCEANIA,00010,COCOA BEANS,806210,806210,0,334300,334300,00010,2023-02
0020,USMCA (NAFTA),00010,COCOA BEANS,28884,28884,0,0,0,00010,2023-02
0021,TWENTY LATIN AMERICAN REPUBLICS,00010,COCOA BEANS,9810049,9810049,2926,3377159,3377159,00010,2023-02
0022,OECD,00010,COCOA BEANS,70775,70775,0,3840,3840,00010,2023-02
0023,NATO,00010,COCOA BEANS,30142,30142,0,2820,2820,00010,2023-02
0024,LAFTA,00010,COCOA BEANS,6444326,6444326,2926,2283952,2283952,00010,2023-02
0025,EURO AREA,00010,COCOA BEANS,30142,30142,0,2820,2820,00010,2023-02
0026,APEC,00010,COCOA BEANS,1689583,1689583,0,561130,561130,00010,2023-02
0027,ASEAN,00010,COCOA BEANS,345822,345822,0,85115,85115,00010,2023-02
0028,CACM,00010,COCOA BEANS,30000,30000,0,6247,6247,00010,2023-02
2010,MEXICO,00010,COCOA BEANS,28884,28884,0,0,0,00010,2023-02
2050,GUATEMALA,00010,COCOA BEANS,0,0,0,0,0,00010,2023-02
2230,COSTA RICA,00010,COCOA BEANS,30000,30000,0,6247,6247,00010,2023-02
2470,DOMINICAN REPUBLIC,00010,COCOA BEANS,3335723,3335723,0,1086960,1086960,00010,2023-02
7830,TANZANIA,00010,COCOA BEANS,0,0,0,0,0,00010,2023-02
2XXX,CENTRAL AMERICA,00010,COCOA BEANS,3365723,3365723,0,1093207,1093207,00010,2023-02
3XXX,SOUTH AMERICA,00010,COCOA BEANS,6415442,6415442,2926,2283952,2283952,00010,2023-02
5330,INDIA,00010,COCOA BEANS,80775,80775,0,11954,11954,00010,2023-03
5600,INDONESIA,00010,COCOA BEANS,0,0,0,0,0,00010,2023-03
5650,PHILIPPINES,00010,COCOA BEANS,0,0,0,0,0,00010,2023-03
6040,PAPUA NEW GUINEA,00010,COCOA BEANS,3063525,3063525,0,1252290,1252290,00010,2023-03
2740,TRINIDAD AND TOBAGO,00010,COCOA BEANS,66250,66250,0,14850,14850,00010,2023-03
3010,COLOMBIA,00010,COCOA BEANS,64604,64604,0,13103,13103,00010,2023-03
3070,VENEZUELA,00010,COCOA BEANS,64500,64500,0,25578,25578,00010,2023-03
3310,ECUADOR,00010,COCOA BEANS,10876801,10876801,1950,3716947,3716947,00010,2023-03
3330,PERU,00010,COCOA BEANS,242075,242075,0,47098,47098,00010,2023-03
3510,BRAZIL,00010,COCOA BEANS,0,0,0,0,0,00010,2023-03
4279,FRANCE,00010,COCOA BEANS,3337,3337,0,191,191,00010,2023-03
7480,COTE D'IVOIRE,00010,COCOA BEANS,63668615,63668615,0,2918420,28761145,00010,2023-03
7490,GHANA,00010,COCOA BEANS,29781467,29781467,0,12676209,12676209,00010,2023-03
7520,TOGO,00010,COCOA BEANS,0,0,0,0,0,00010,2023-03
7530,NIGERIA,00010,COCOA BEANS,5605427,5605427,0,2081802,2081802,00010,2023-03
7660,DEMOCRATIC REPUBLIC OF THE CONGO,00010,COCOA BEANS,254773,254773,0,94744,94744,00010,2023-03
4419,SWITZERLAND,00010,COCOA BEANS,18295,18295,0,1286,1286,00010,2023-03
4890,TURKEY,00010,COCOA BEANS,4173,4173,0,764,764,00010,2023-03
-,TOTAL FOR ALL COUNTRIES,00010,COCOA BEANS,118320034,118320034,2466,24434877,50277602,00010,2023-03
0003,EUROPEAN UNION,00010,COCOA BEANS,3337,3337,0,191,191,00010,2023-03
1XXX,NORTH AMERICA,00010,COCOA BEANS,18871,18871,0,0,0,00010,2023-03
4XXX,EUROPE,00010,COCOA BEANS,25805,25805,0,2241,2241,00010,2023-03
7XXX,AFRICA,00010,COCOA BEANS,99892432,99892432,0,17989682,43832407,00010,2023-03
0014,PACIFIC RIM COUNTRIES,00010,COCOA BEANS,3063525,3063525,0,1252290,1252290,00010,2023-03
5XXX,ASIA,00010,COCOA BEANS,80775,80775,0,11954,11954,00010,2023-03
0017,CAFTA-DR,00010,COCOA BEANS,3777350,3777350,516,1300434,1300434,00010,2023-03
6XXX,AUSTRALIA AND OCEANIA,00010,COCOA BEANS,3063525,3063525,0,1252290,1252290,00010,2023-03
0020,USMCA (NAFTA),00010,COCOA BEANS,18871,18871,0,0,0,00010,2023-03
0021,TWENTY LATIN AMERICAN REPUBLICS,00010,COCOA BEANS,15191247,15191247,2466,5163860,5163860,00010,2023-03
0022,OECD,00010,COCOA BEANS,44676,44676,0,2241,2241,00010,2023-03
0023,NATO,00010,COCOA BEANS,7510,7510,0,955,955,00010,2023-03
0024,LAFTA,00010,COCOA BEANS,11266851,11266851,1950,3802726,3802726,00010,2023-03
0025,EURO AREA,00010,COCOA BEANS,3337,3337,0,191,191,00010,2023-03
0026,APEC,00010,COCOA BEANS,3324471,3324471,0,1299388,1299388,00010,2023-03
0027,ASEAN,00010,COCOA BEANS,0,0,0,0,0,00010,2023-03
0028,CACM,00010,COCOA BEANS,36941,36941,516,7800,7800,00010,2023-03
2010,MEXICO,00010,COCOA BEANS,18871,18871,0,0,0,00010,2023-03
2050,GUATEMALA,00010,COCOA BEANS,2549,2549,516,0,0,00010,2023-03
2190,NICARAGUA,00010,COCOA BEANS,34392,34392,0,7800,7800,00010,2023-03
2230,COSTA RICA,00010,COCOA BEANS,0,0,0,0,0,00010,2023-03
2250,PANAMA,00010,COCOA BEANS,108000,108000,0,40414,40414,00010,2023-03
2450,HAITI,00010,COCOA BEANS,39046,39046,0,20286,20286,00010,2023-03
2470,DOMINICAN REPUBLIC,00010,COCOA BEANS,3740409,3740409,0,1292634,1292634,00010,2023-03
7830,TANZANIA,00010,COCOA BEANS,582150,582150,0,218507,218507,00010,2023-03
2XXX,CENTRAL AMERICA,00010,COCOA BEANS,3990646,3990646,516,1375984,1375984,00010,2023-03
3XXX,SOUTH AMERICA,00010,COCOA BEANS,11247980,11247980,1950,3802726,3802726,00010,2023-03
5330,INDIA,00010,COCOA BEANS,0,0,0,0,0,00010,2023-04
5600,INDONESIA,00010,COCOA BEANS,0,0,0,0,0,00010,2023-04
5650,PHILIPPINES,00010,COCOA BEANS,17891,17891,0,8337,8337,00010,2023-04
6040,PAPUA NEW GUINEA,00010,COCOA BEANS,234450,234450,0,94500,94500,00010,2023-04
2740,TRINIDAD AND TOBAGO,00010,COCOA BEANS,0,0,0,0,0,00010,2023-04
3010,COLOMBIA,00010,COCOA BEANS,129256,129256,0,52240,52240,00010,2023-04
3070,VENEZUELA,00010,COCOA BEANS,0,0,0,0,0,00010,2023-04
3310,ECUADOR,00010,COCOA BEANS,12234321,12234321,3880,4529661,4529661,00010,2023-04
3330,PERU,00010,COCOA BEANS,200734,200734,0,55998,57341,00010,2023-04
3510,BRAZIL,00010,COCOA BEANS,4627,4627,0,0,1000,00010,2023-04
4279,FRANCE,00010,COCOA BEANS,11423,11423,0,1260,1260,00010,2023-04
7480,COTE D'IVOIRE,00010,COCOA BEANS,94445030,94445030,0,2834571,46238747,00010,2023-04
7490,GHANA,00010,COCOA BEANS,27080938,27080938,0,12753349,12753349,00010,2023-04
7520,TOGO,00010,COCOA BEANS,0,0,0,0,0,00010,2023-04
7530,NIGERIA,00010,COCOA BEANS,1971918,1971918,0,785538,785538,00010,2023-04
7660,DEMOCRATIC REPUBLIC OF THE CONGO,00010,COCOA BEANS,0,0,0,0,0,00010,2023-04
4419,SWITZERLAND,00010,COCOA BEANS,7160,7160,0,497,497,00010,2023-04
4890,TURKEY,00010,COCOA BEANS,0,0,0,0,0,00010,2023-04
-,TOTAL FOR ALL COUNTRIES,00010,COCOA BEANS,141753618,141753618,3880,22892354,66298873,00010,2023-04
0003,EUROPEAN UNION,00010,COCOA BEANS,11423,11423,0,1260,1260,00010,2023-04
1XXX,NORTH AMERICA,00010,COCOA BEANS,14039,14039,0,0,0,00010,2023-04
4XXX,EUROPE,00010,COCOA BEANS,18583,18583,0,1757,1757,00010,2023-04
7XXX,AFRICA,00010,COCOA BEANS,123623886,123623886,0,16399918,59804094,00010,2023-04
0014,PACIFIC RIM COUNTRIES,00010,COCOA BEANS,252341,252341,0,102837,102837,00010,2023-04
5XXX,ASIA,00010,COCOA BEANS,17891,17891,0,8337,8337,00010,2023-04
0017,CAFTA-DR,00010,COCOA BEANS,5275831,5275831,0,1749943,1749943,00010,2023-04
6XXX,AUSTRALIA AND OCEANIA,00010,COCOA BEANS,234450,234450,0,94500,94500,00010,2023-04
0020,USMCA (NAFTA),00010,COCOA BEANS,14039,14039,0,0,0,00010,2023-04
0021,TWENTY LATIN AMERICAN REPUBLICS,00010,COCOA BEANS,17858808,17858808,3880,6387842,6390185,00010,2023-04
0022,OECD,00010,COCOA BEANS,32622,32622,0,1757,1757,00010,2023-04
0023,NATO,00010,COCOA BEANS,11423,11423,0,1260,1260,00010,2023-04
0024,LAFTA,00010,COCOA BEANS,12582977,12582977,3880,4637899,4640242,00010,2023-04
0025,EURO AREA,00010,COCOA BEANS,11423,11423,0,1260,1260,00010,2023-04
0026,APEC,00010,COCOA BEANS,467114,467114,0,158835,160178,00010,2023-04
0027,ASEAN,00010,COCOA BEANS,17891,17891,0,8337,8337,00010,2023-04
0028,CACM,00010,COCOA BEANS,148280,148280,0,32173,32173,00010,2023-04
2010,MEXICO,00010,COCOA BEANS,14039,14039,0,0,0,00010,2023-04
2050,GUATEMALA,00010,COCOA BEANS,11390,11390,0,2173,2173,00010,2023-04
2190,NICARAGUA,00010,COCOA BEANS,136890,136890,0,30000,30000,00010,2023-04
2230,COSTA RICA,00010,COCOA BEANS,0,0,0,0,0,00010,2023-04
2250,PANAMA,00010,COCOA BEANS,0,0,0,0,0,00010,2023-04
2450,HAITI,00010,COCOA BEANS,0,0,0,0,0,00010,2023-04
2470,DOMINICAN REPUBLIC,00010,COCOA BEANS,5127551,5127551,0,1717770,1717770,00010,2023-04
7830,TANZANIA,00010,COCOA BEANS,126000,126000,0,26460,26460,00010,2023-04
2XXX,CENTRAL AMERICA,00010,COCOA BEANS,5275831,5275831,0,1749943,1749943,00010,2023-04
3XXX,SOUTH AMERICA,00010,COCOA BEANS,12568938,12568938,3880,4637899,4640242,00010,2023-04
5330,INDIA,00010,COCOA BEANS,0,0,0,0,0,00010,2023-05
5600,INDONESIA,00010,COCOA BEANS,0,0,0,0,0,00010,2023-05
5650,PHILIPPINES,00010,COCOA BEANS,46800,46800,0,13108,13108,00010,2023-05
6040,PAPUA NEW GUINEA,00010,COCOA BEANS,2125350,2125350,0,840500,840500,00010,2023-05
2740,TRINIDAD AND TOBAGO,00010,COCOA BEANS,0,0,0,0,0,00010,2023-05
3010,COLOMBIA,00010,COCOA BEANS,0,0,0,0,0,00010,2023-05
3070,VENEZUELA,00010,COCOA BEANS,0,0,0,0,0,00010,2023-05
3310,ECUADOR,00010,COCOA BEANS,19311070,19311070,6925,6990757,6990757,00010,2023-05
3330,PERU,00010,COCOA BEANS,839835,839835,0,215654,215654,00010,2023-05
3510,BRAZIL,00010,COCOA BEANS,0,0,0,0,0,00010,2023-05
4279,FRANCE,00010,COCOA BEANS,17475,17475,0,1528,1528,00010,2023-05
7480,COTE D'IVOIRE,00010,COCOA BEANS,17795866,17795866,0,6114007,6350494,00010,2023-05
7490,GHANA,00010,COCOA BEANS,23430384,23430384,0,9785913,9785913,00010,2023-05
7520,TOGO,00010,COCOA BEANS,0,0,0,0,0,00010,2023-05
7530,NIGERIA,00010,COCOA BEANS,162360,162360,0,75020,75020,00010,2023-05
7660,DEMOCRATIC REPUBLIC OF THE CONGO,00010,COCOA BEANS,0,0,0,0,0,00010,2023-05
4419,SWITZERLAND,00010,COCOA BEANS,25066,25066,0,1914,1914,00010,2023-05
4890,TURKEY,00010,COCOA BEANS,0,0,0,0,0,00010,2023-05
-,TOTAL FOR ALL COUNTRIES,00010,COCOA BEANS,70588468,70588468,7300,26040021,26532108,00010,2023-05
0003,EUROPEAN UNION,00010,COCOA BEANS,17475,17475,0,1528,1528,00010,2023-05
1XXX,NORTH AMERICA,00010,COCOA BEANS,12371,12371,375,0,0,00010,2023-05
4XXX,EUROPE,00010,COCOA BEANS,42541,42541,0,3442,3442,00010,2023-05
7XXX,AFRICA,00010,COCOA BEANS,41679857,41679857,0,16038229,16274716,00010,2023-05
0014,PACIFIC RIM COUNTRIES,00010,COCOA BEANS,2172150,2172150,0,853608,853608,00010,2023-05
5XXX,ASIA,00010,COCOA BEANS,46800,46800,0,13108,13108,00010,2023-05
0017,CAFTA-DR,00010,COCOA BEANS,6530644,6530644,0,1938331,2193931,00010,2023-05
6XXX,AUSTRALIA AND OCEANIA,00010,COCOA BEANS,2125350,2125350,0,840500,840500,00010,2023-05
0020,USMCA (NAFTA),00010,COCOA BEANS,12371,12371,375,0,0,00010,2023-05
0021,TWENTY LATIN AMERICAN REPUBLICS,00010,COCOA BEANS,26693920,26693920,7300,9144742,9400342,00010,2023-05
0022,OECD,00010,COCOA BEANS,54912,54912,375,3442,3442,00010,2023-05
0023,NATO,00010,COCOA BEANS,17475,17475,0,1528,1528,00010,2023-05
0024,LAFTA,00010,COCOA BEANS,20163276,20163276,7300,7206411,7206411,00010,2023-05
0025,EURO AREA,00010,COCOA BEANS,17475,17475,0,1528,1528,00010,2023-05
0026,APEC,00010,COCOA BEANS,3024356,3024356,375,1069262,1069262,00010,2023-05
0027,ASEAN,00010,COCOA BEANS,46800,46800,0,13108,13108,00010,2023-05
0028,CACM,00010,COCOA BEANS,104667,104667,0,17473,17473,00010,2023-05
2010,MEXICO,00010,COCOA BEANS,12371,12371,375,0,0,00010,2023-05
2050,GUATEMALA,00010,COCOA BEANS,0,0,0,0,0,00010,2023-05
2110,EL SALVADOR,00010,COCOA BEANS,5552,5552,0,1194,1194,00010,2023-05
2190,NICARAGUA,00010,COCOA BEANS,15300,15300,0,4284,4284,00010,2023-05
2230,COSTA RICA,00010,COCOA BEANS,83815,83815,0,11995,11995,00010,2023-05
2250,PANAMA,00010,COCOA BEANS,0,0,0,0,0,00010,2023-05
2450,HAITI,00010,COCOA BEANS,0,0,0,0,0,00010,2023-05
2470,DOMINICAN REPUBLIC,00010,COCOA BEANS,6425977,6425977,0,1920858,2176458,00010,2023-05
7830,TANZANIA,00010,COCOA BEANS,146179,146179,0,36399,36399,00010,2023-05
7880,MADAGASCAR,00010,COCOA BEANS,145068,145068,0,26890,26890,00010,2023-05
2XXX,CENTRAL AMERICA,00010,COCOA BEANS,6530644,6530644,0,1938331,2193931,00010,2023-05
3XXX,SOUTH AMERICA,00010,COCOA BEANS,20150905,20150905,6925,7206411,7206411,00010,2023-05
5330,INDIA,00010,COCOA BEANS,0,0,0,0,0,00010,2023-06
5600,INDONESIA,00010,COCOA BEANS,0,0,0,0,0,00010,2023-06
5650,PHILIPPINES,00010,COCOA BEANS,0,0,0,0,0,00010,2023-06
6040,PAPUA NEW GUINEA,00010,COCOA BEANS,1779375,1779375,0,656850,656850,00010,2023-06
2740,TRINIDAD AND TOBAGO,00010,COCOA BEANS,0,0,0,0,0,00010,2023-06
3010,COLOMBIA,00010,COCOA BEANS,427230,427230,0,131665,131665,00010,2023-06
3070,VENEZUELA,00010,COCOA BEANS,138861,138861,0,78813,78813,00010,2023-06
3310,ECUADOR,00010,COCOA BEANS,9262807,9262807,3760,3307557,3307557,00010,2023-06
3330,PERU,00010,COCOA BEANS,420054,420054,0,86084,87173,00010,2023-06
3510,BRAZIL,00010,COCOA BEANS,0,0,0,0,0,00010,2023-06
4279,FRANCE,00010,COCOA BEANS,20970,20970,0,1950,1950,00010,2023-06
6863,FIJI,00010,COCOA BEANS,13000,13000,1300,0,0,00010,2023-06
7480,COTE D'IVOIRE,00010,COCOA BEANS,7956606,7956606,0,2797858,2797858,00010,2023-06
7490,GHANA,00010,COCOA BEANS,17983936,17983936,0,6620434,6620434,00010,2023-06
7520,TOGO,00010,COCOA BEANS,0,0,0,0,0,00010,2023-06
7530,NIGERIA,00010,COCOA BEANS,0,0,0,0,0,00010,2023-06
7660,DEMOCRATIC REPUBLIC OF THE CONGO,00010,COCOA BEANS,0,0,0,0,0,00010,2023-06
4419,SWITZERLAND,00010,COCOA BEANS,17080,17080,0,1459,1459,00010,2023-06
4890,TURKEY,00010,COCOA BEANS,0,0,0,0,0,00010,2023-06
-,TOTAL FOR ALL COUNTRIES,00010,COCOA BEANS,44897668,44897668,5060,16108529,16109618,00010,2023-06
0003,EUROPEAN UNION,00010,COCOA BEANS,20970,20970,0,1950,1950,00010,2023-06
1XXX,NORTH AMERICA,00010,COCOA BEANS,0,0,0,0,0,00010,2023-06
4XXX,EUROPE,00010,COCOA BEANS,38050,38050,0,3409,3409,00010,2023-06
7XXX,AFRICA,00010,COCOA BEANS,25940542,25940542,0,9418292,9418292,00010,2023-06
0014,PACIFIC RIM COUNTRIES,00010,COCOA BEANS,1779375,1779375,0,656850,656850,00010,2023-06
5XXX,ASIA,00010,COCOA BEANS,0,0,0,0,0,00010,2023-06
0017,CAFTA-DR,00010,COCOA BEANS,6797048,6797048,0,2411374,2411374,00010,2023-06
6XXX,AUSTRALIA AND OCEANIA,00010,COCOA BEANS,1792375,1792375,1300,656850,656850,00010,2023-06
0020,USMCA (NAFTA),00010,COCOA BEANS,0,0,0,0,0,00010,2023-06
0021,TWENTY LATIN AMERICAN REPUBLICS,00010,COCOA BEANS,17067900,17067900,3760,6019467,6020556,00010,2023-06
0022,OECD,00010,COCOA BEANS,38050,38050,0,3409,3409,00010,2023-06
0023,NATO,00010,COCOA BEANS,20970,20970,0,1950,1950,00010,2023-06
0024,LAFTA,00010,COCOA BEANS,10248952,10248952,3760,3604119,3605208,00010,2023-06
0025,EURO AREA,00010,COCOA BEANS,20970,20970,0,1950,1950,00010,2023-06
0026,APEC,00010,COCOA BEANS,2199429,2199429,0,742934,744023,00010,2023-06
0027,ASEAN,00010,COCOA BEANS,0,0,0,0,0,00010,2023-06
0028,CACM,00010,COCOA BEANS,86488,86488,0,20487,20487,00010,2023-06
2010,MEXICO,00010,COCOA BEANS,0,0,0,0,0,00010,2023-06
2050,GUATEMALA,00010,COCOA BEANS,0,0,0,0,0,00010,2023-06
2080,BELIZE,00010,COCOA BEANS,58801,58801,0,10511,10511,00010,2023-06
2110,EL SALVADOR,00010,COCOA BEANS,5808,5808,0,1366,1366,00010,2023-06
2190,NICARAGUA,00010,COCOA BEANS,80680,80680,0,19121,19121,00010,2023-06
2230,COSTA RICA,00010,COCOA BEANS,0,0,0,0,0,00010,2023-06
2250,PANAMA,00010,COCOA BEANS,0,0,0,0,0,00010,2023-06
2450,HAITI,00010,COCOA BEANS,21900,21900,0,3974,3974,00010,2023-06
2470,DOMINICAN REPUBLIC,00010,COCOA BEANS,6710560,6710560,0,2390887,2390887,00010,2023-06
7830,TANZANIA,00010,COCOA BEANS,0,0,0,0,0,00010,2023-06
7880,MADAGASCAR,00010,COCOA BEANS,0,0,0,0,0,00010,2023-06
2XXX,CENTRAL AMERICA,00010,COCOA BEANS,6877749,6877749,0,2425859,2425859,00010,2023-06
3XXX,SOUTH AMERICA,00010,COCOA BEANS,10248952,10248952,3760,3604119,3605208,00010,2023-06
5330,INDIA,00010,COCOA BEANS,0,0,0,0,0,00010,2023-07
5520,VIETNAM,00010,COCOA BEANS,3800,3800,0,0,0,00010,2023-07
5600,INDONESIA,00010,COCOA BEANS,212305,212305,0,43119,43119,00010,2023-07
5650,PHILIPPINES,00010,COCOA BEANS,32280,32280,0,15250,15250,00010,2023-07
6040,PAPUA NEW GUINEA,00010,COCOA BEANS,2938360,2938360,0,1058250,1058250,00010,2023-07
2740,TRINIDAD AND TOBAGO,00010,COCOA BEANS,0,0,0,0,0,00010,2023-07
3010,COLOMBIA,00010,COCOA BEANS,255187,255187,0,85968,85968,00010,2023-07
3070,VENEZUELA,00010,COCOA BEANS,268493,268493,0,104916,104916,00010,2023-07
3310,ECUADOR,00010,COCOA BEANS,12177186,12177186,0,4116649,4116649,00010,2023-07
3330,PERU,00010,COCOA BEANS,201440,201440,0,35973,37851,00010,2023-07
3510,BRAZIL,00010,COCOA BEANS,0,0,0,0,0,00010,2023-07
4279,FRANCE,00010,COCOA BEANS,13980,13980,0,1201,1201,00010,2023-07
6863,FIJI,00010,COCOA BEANS,0,0,0,0,0,00010,2023-07
7480,COTE D'IVOIRE,00010,COCOA BEANS,5890402,5890402,0,2729576,2729576,00010,2023-07
7490,GHANA,00010,COCOA BEANS,2198192,2198192,0,708175,708175,00010,2023-07
7520,TOGO,00010,COCOA BEANS,0,0,0,0,0,00010,2023-07
7530,NIGERIA,00010,COCOA BEANS,0,0,0,0,0,00010,2023-07
7660,DEMOCRATIC REPUBLIC OF THE CONGO,00010,COCOA BEANS,339000,339000,0,101600,101600,00010,2023-07
4419,SWITZERLAND,00010,COCOA BEANS,51895,51895,0,3921,3921,00010,2023-07
4890,TURKEY,00010,COCOA BEANS,0,0,0,0,0,00010,2023-07
-,TOTAL FOR ALL COUNTRIES,00010,COCOA BEANS,27827278,27827278,0,10071535,10074109,00010,2023-07
0003,EUROPEAN UNION,00010,COCOA BEANS,13980,13980,0,1201,1201,00010,2023-07
1XXX,NORTH AMERICA,00010,COCOA BEANS,49728,49728,0,0,0,00010,2023-07
4XXX,EUROPE,00010,COCOA BEANS,65875,65875,0,5122,5122,00010,2023-07
7XXX,AFRICA,00010,COCOA BEANS,8502594,8502594,0,3555101,3555101,00010,2023-07
0014,PACIFIC RIM COUNTRIES,00010,COCOA BEANS,3182945,3182945,0,1116619,1116619,00010,2023-07
5XXX,ASIA,00010,COCOA BEANS,248385,248385,0,58369,58369,00010,2023-07
0017,CAFTA-DR,00010,COCOA BEANS,2922690,2922690,0,998267,998267,00010,2023-07
6XXX,AUSTRALIA AND OCEANIA,00010,COCOA BEANS,2938360,2938360,0,1058250,1058250,00010,2023-07
0020,USMCA (NAFTA),00010,COCOA BEANS,49728,49728,0,0,0,00010,2023-07
0021,TWENTY LATIN AMERICAN REPUBLICS,00010,COCOA BEANS,16072064,16072064,0,5394693,5397267,00010,2023-07
0022,OECD,00010,COCOA BEANS,115603,115603,0,5122,5122,00010,2023-07
0023,NATO,00010,COCOA BEANS,13980,13980,0,1201,1201,00010,2023-07
0024,LAFTA,00010,COCOA BEANS,12952034,12952034,0,4343506,4345384,00010,2023-07
0025,EURO AREA,00010,COCOA BEANS,13980,13980,0,1201,1201,00010,2023-07
0026,APEC,00010,COCOA BEANS,3437913,3437913,0,1152592,1154470,00010,2023-07
0027,ASEAN,00010,COCOA BEANS,248385,248385,0,58369,58369,00010,2023-07
0028,CACM,00010,COCOA BEANS,67500,67500,0,15000,15000,00010,2023-07
2010,MEXICO,00010,COCOA BEANS,49728,49728,0,0,0,00010,2023-07
2050,GUATEMALA,00010,COCOA BEANS,0,0,0,0,0,00010,2023-07
2080,BELIZE,00010,COCOA BEANS,0,0,0,0,0,00010,2023-07
2110,EL SALVADOR,00010,COCOA BEANS,0,0,0,0,0,00010,2023-07
2190,NICARAGUA,00010,COCOA BEANS,67500,67500,0,15000,15000,00010,2023-07
2230,COSTA RICA,00010,COCOA BEANS,0,0,0,0,0,00010,2023-07
2250,PANAMA,00010,COCOA BEANS,0,0,0,0,0,00010,2023-07
2450,HAITI,00010,COCOA BEANS,197340,197340,0,52920,53616,00010,2023-07
2470,DOMINICAN REPUBLIC,00010,COCOA BEANS,2855190,2855190,0,983267,983267,00010,2023-07
7830,TANZANIA,00010,COCOA BEANS,75000,75000,0,15750,15750,00010,2023-07
7880,MADAGASCAR,00010,COCOA BEANS,0,0,0,0,0,00010,2023-07
2XXX,CENTRAL AMERICA,00010,COCOA BEANS,3120030,3120030,0,1051187,1051883,00010,2023-07
3XXX,SOUTH AMERICA,00010,COCOA BEANS,12902306,12902306,0,4343506,4345384,00010,2023-07
5330,INDIA,00010,COCOA BEANS,0,0,0,0,0,00010,2023-08
5520,VIETNAM,00010,COCOA BEANS,0,0,0,0,0,00010,2023-08
5600,INDONESIA,00010,COCOA BEANS,0,0,0,0,0,00010,2023-08
5650,PHILIPPINES,00010,COCOA BEANS,0,0,0,0,0,00010,2023-08
6040,PAPUA NEW GUINEA,00010,COCOA BEANS,1740250,1740250,0,535280,535280,00010,2023-08
2740,TRINIDAD AND TOBAGO,00010,COCOA BEANS,0,0,0,0,0,00010,2023-08
3010,COLOMBIA,00010,COCOA BEANS,79955,79955,0,26227,26227,00010,2023-08
3070,VENEZUELA,00010,COCOA BEANS,0,0,0,0,0,00010,2023-08
3310,ECUADOR,00010,COCOA BEANS,23746137,23746137,1381,8400394,8400394,00010,2023-08
3330,PERU,00010,COCOA BEANS,863567,863567,0,157103,157103,00010,2023-08
3510,BRAZIL,00010,COCOA BEANS,0,0,0,0,0,00010,2023-08
4231,BELGIUM,00010,COCOA BEANS,5276,5276,0,628,628,00010,2023-08
4279,FRANCE,00010,COCOA BEANS,32856,32856,0,2769,2769,00010,2023-08
6863,FIJI,00010,COCOA BEANS,0,0,0,0,0,00010,2023-08
7480,COTE D'IVOIRE,00010,COCOA BEANS,3092984,3092984,0,1885129,1885129,00010,2023-08
7490,GHANA,00010,COCOA BEANS,156555,156555,0,115949,115949,00010,2023-08
7520,TOGO,00010,COCOA BEANS,0,0,0,0,0,00010,2023-08
7530,NIGERIA,00010,COCOA BEANS,237615,237615,0,100070,100070,00010,2023-08
7660,DEMOCRATIC REPUBLIC OF THE CONGO,00010,COCOA BEANS,0,0,0,0,0,00010,2023-08
7780,UGANDA,00010,COCOA BEANS,168750,168750,0,38950,38950,00010,2023-08
4419,SWITZERLAND,00010,COCOA BEANS,20877,20877,0,3380,3380,00010,2023-08
4890,TURKEY,00010,COCOA BEANS,0,0,0,0,0,00010,2023-08
-,TOTAL FOR ALL COUNTRIES,00010,COCOA BEANS,32755937,32755937,2464,12152885,12152885,00010,2023-08
0003,EUROPEAN UNION,00010,COCOA BEANS,38132,38132,0,3397,3397,00010,2023-08
1XXX,NORTH AMERICA,00010,COCOA BEANS,33181,33181,0,0,0,00010,2023-08
4XXX,EUROPE,00010,COCOA BEANS,59009,59009,0,6777,6777,00010,2023-08
7XXX,AFRICA,00010,COCOA BEANS,3729048,3729048,0,2153316,2153316,00010,2023-08
0014,PACIFIC RIM COUNTRIES,00010,COCOA BEANS,1740250,1740250,0,535280,535280,00010,2023-08
5XXX,ASIA,00010,COCOA BEANS,0,0,0,0,0,00010,2023-08
0017,CAFTA-DR,00010,COCOA BEANS,2417384,2417384,1083,857964,857964,00010,2023-08
6XXX,AUSTRALIA AND OCEANIA,00010,COCOA BEANS,1740250,1740250,0,535280,535280,00010,2023-08
0020,USMCA (NAFTA),00010,COCOA BEANS,33181,33181,0,0,0,00010,2023-08
0021,TWENTY LATIN AMERICAN REPUBLICS,00010,COCOA BEANS,27140224,27140224,2464,9441688,9441688,00010,2023-08
0022,OECD,00010,COCOA BEANS,92190,92190,0,6777,6777,00010,2023-08
0023,NATO,00010,COCOA BEANS,38132,38132,0,3397,3397,00010,2023-08
0024,LAFTA,00010,COCOA BEANS,24722840,24722840,1381,8583724,8583724,00010,2023-08
0025,EURO AREA,00010,COCOA BEANS,38132,38132,0,3397,3397,00010,2023-08
0026,APEC,00010,COCOA BEANS,2636998,2636998,0,692383,692383,00010,2023-08
0027,ASEAN,00010,COCOA BEANS,0,0,0,0,0,00010,2023-08
0028,CACM,00010,COCOA BEANS,18000,18000,1083,0,0,00010,2023-08
2010,MEXICO,00010,COCOA BEANS,33181,33181,0,0,0,00010,2023-08
2050,GUATEMALA,00010,COCOA BEANS,18000,18000,1083,0,0,00010,2023-08
2080,BELIZE,00010,COCOA BEANS,87406,87406,0,15824,15824,00010,2023-08
2110,EL SALVADOR,00010,COCOA BEANS,0,0,0,0,0,00010,2023-08
2190,NICARAGUA,00010,COCOA BEANS,0,0,0,0,0,00010,2023-08
2230,COSTA RICA,00010,COCOA BEANS,0,0,0,0,0,00010,2023-08
2250,PANAMA,00010,COCOA BEANS,0,0,0,0,0,00010,2023-08
2450,HAITI,00010,COCOA BEANS,0,0,0,0,0,00010,2023-08
2470,DOMINICAN REPUBLIC,00010,COCOA BEANS,2399384,2399384,0,857964,857964,00010,2023-08
7830,TANZANIA,00010,COCOA BEANS,0,0,0,0,0,00010,2023-08
7880,MADAGASCAR,00010,COCOA BEANS,73144,73144,0,13218,13218,00010,2023-08
2XXX,CENTRAL AMERICA,00010,COCOA BEANS,2504790,2504790,1083,873788,873788,00010,2023-08
3XXX,SOUTH AMERICA,00010,COCOA BEANS,24689659,24689659,1381,8583724,8583724,00010,2023-08
5330,INDIA,00010,COCOA BEANS,0,0,0,0,0,00010,2023-09
5520,VIETNAM,00010,COCOA BEANS,0,0,0,0,0,00010,2023-09
5600,INDONESIA,00010,COCOA BEANS,0,0,0,0,0,00010,2023-09
5650,PHILIPPINES,00010,COCOA BEANS,0,0,0,0,0,00010,2023-09
6040,PAPUA NEW GUINEA,00010,COCOA BEANS,4232900,4232900,0,1390730,1390730,00010,2023-09
2740,TRINIDAD AND TOBAGO,00010,COCOA BEANS,0,0,0,0,0,00010,2023-09
3010,COLOMBIA,00010,COCOA BEANS,89733,89733,1054,26221,26221,00010,2023-09
3070,VENEZUELA,00010,COCOA BEANS,0,0,0,0,0,00010,2023-09
3310,ECUADOR,00010,COCOA BEANS,20966156,20966156,1972,7349328,7349328,00010,2023-09
3330,PERU,00010,COCOA BEANS,339432,339432,0,105928,105928,00010,2023-09
3510,BRAZIL,00010,COCOA BEANS,0,0,0,0,0,00010,2023-09
4231,BELGIUM,00010,COCOA BEANS,0,0,0,0,0,00010,2023-09
4279,FRANCE,00010,COCOA BEANS,32856,32856,0,2804,2804,00010,2023-09
6863,FIJI,00010,COCOA BEANS,0,0,0,0,0,00010,2023-09
7480,COTE D'IVOIRE,00010,COCOA BEANS,653080,653080,0,202264,202264,00010,2023-09
7490,GHANA,00010,COCOA BEANS,154619,154619,0,54505,54505,00010,2023-09
7520,TOGO,00010,COCOA BEANS,0,0,0,0,0,00010,2023-09
7530,NIGERIA,00010,COCOA BEANS,0,0,0,0,0,00010,2023-09
7660,DEMOCRATIC REPUBLIC OF THE CONGO,00010,COCOA BEANS,0,0,0,0,0,00010,2023-09
7780,UGANDA,00010,COCOA BEANS,56250,56250,0,12700,12700,00010,2023-09
4419,SWITZERLAND,00010,COCOA BEANS,0,0,0,0,0,00010,2023-09
4890,TURKEY,00010,COCOA BEANS,0,0,0,0,0,00010,2023-09
-,TOTAL FOR ALL COUNTRIES,00010,COCOA BEANS,27243806,27243806,3026,9351016,9355482,00010,2023-09
0003,EUROPEAN UNION,00010,COCOA BEANS,32856,32856,0,2804,2804,00010,2023-09
1XXX,NORTH AMERICA,00010,COCOA BEANS,14661,14661,0,0,0,00010,2023-09
4XXX,EUROPE,00010,COCOA BEANS,32856,32856,0,2804,2804,00010,2023-09
7XXX,AFRICA,00010,COCOA BEANS,928449,928449,0,283014,283014,00010,2023-09
0014,PACIFIC RIM COUNTRIES,00010,COCOA BEANS,4232900,4232900,0,1390730,1390730,00010,2023-09
5XXX,ASIA,00010,COCOA BEANS,0,0,0,0,0,00010,2023-09
0017,CAFTA-DR,00010,COCOA BEANS,581561,581561,0,182480,186946,00010,2023-09
6XXX,AUSTRALIA AND OCEANIA,00010,COCOA BEANS,4232900,4232900,0,1390730,1390730,00010,2023-09
0020,USMCA (NAFTA),00010,COCOA BEANS,14661,14661,0,0,0,00010,2023-09
0021,TWENTY LATIN AMERICAN REPUBLICS,00010,COCOA BEANS,21991543,21991543,3026,7663957,7668423,00010,2023-09
0022,OECD,00010,COCOA BEANS,47517,47517,0,2804,2804,00010,2023-09
0023,NATO,00010,COCOA BEANS,32856,32856,0,2804,2804,00010,2023-09
0024,LAFTA,00010,COCOA BEANS,21409982,21409982,3026,7481477,7481477,00010,2023-09
0025,EURO AREA,00010,COCOA BEANS,32856,32856,0,2804,2804,00010,2023-09
0026,APEC,00010,COCOA BEANS,4586993,4586993,0,1496658,1496658,00010,2023-09
0027,ASEAN,00010,COCOA BEANS,0,0,0,0,0,00010,2023-09
0028,CACM,00010,COCOA BEANS,54214,54214,0,5744,10210,00010,2023-09
2010,MEXICO,00010,COCOA BEANS,14661,14661,0,0,0,00010,2023-09
2050,GUATEMALA,00010,COCOA BEANS,0,0,0,0,0,00010,2023-09
2080,BELIZE,00010,COCOA BEANS,58058,58058,0,10511,10511,00010,2023-09
2110,EL SALVADOR,00010,COCOA BEANS,0,0,0,0,0,00010,2023-09
2150,HONDURAS,00010,COCOA BEANS,28444,28444,0,5744,5744,00010,2023-09
2190,NICARAGUA,00010,COCOA BEANS,25770,25770,0,0,4466,00010,2023-09
2230,COSTA RICA,00010,COCOA BEANS,0,0,0,0,0,00010,2023-09
2250,PANAMA,00010,COCOA BEANS,0,0,0,0,0,00010,2023-09
2450,HAITI,00010,COCOA BEANS,0,0,0,0,0,00010,2023-09
2470,DOMINICAN REPUBLIC,00010,COCOA BEANS,527347,527347,0,176736,176736,00010,2023-09
7830,TANZANIA,00010,COCOA BEANS,64500,64500,0,13545,13545,00010,2023-09
7880,MADAGASCAR,00010,COCOA BEANS,0,0,0,0,0,00010,2023-09
2XXX,CENTRAL AMERICA,00010,COCOA BEANS,639619,639619,0,192991,197457,00010,2023-09
3XXX,SOUTH AMERICA,00010,COCOA BEANS,21395321,21395321,3026,7481477,7481477,00010,2023-09
5330,INDIA,00010,COCOA BEANS,0,0,0,0,0,00010,2023-10
5520,VIETNAM,00010,COCOA BEANS,0,0,0,0,0,00010,2023-10
5600,INDONESIA,00010,COCOA BEANS,0,0,0,0,0,00010,2023-10
5650,PHILIPPINES,00010,COCOA BEANS,0,0,0,0,0,00010,2023-10
6040,PAPUA NEW GUINEA,00010,COCOA BEANS,4227805,4227805,0,1184660,1184660,00010,2023-10
2740,TRINIDAD AND TOBAGO,00010,COCOA BEANS,0,0,0,0,0,00010,2023-10
3010,COLOMBIA,00010,COCOA BEANS,0,0,0,0,0,00010,2023-10
3070,VENEZUELA,00010,COCOA BEANS,0,0,0,0,0,00010,2023-10
3310,ECUADOR,00010,COCOA BEANS,17057690,17057690,3649,5500372,5500372,00010,2023-10
3330,PERU,00010,COCOA BEANS,867350,867350,1119,186936,186936,00010,2023-10
3510,BRAZIL,00010,COCOA BEANS,0,0,0,0,0,00010,2023-10
4231,BELGIUM,00010,COCOA BEANS,0,0,0,0,0,00010,2023-10
4279,FRANCE,00010,COCOA BEANS,23150,23150,0,2108,2108,00010,2023-10
6863,FIJI,00010,COCOA BEANS,0,0,0,0,0,00010,2023-10
7480,COTE D'IVOIRE,00010,COCOA BEANS,356548,356548,0,126415,126415,00010,2023-10
7490,GHANA,00010,COCOA BEANS,10248,10248,0,1683,1683,00010,2023-10
7520,TOGO,00010,COCOA BEANS,0,0,0,0,0,00010,2023-10
7530,NIGERIA,00010,COCOA BEANS,0,0,0,0,0,00010,2023-10
7660,DEMOCRATIC REPUBLIC OF THE CONGO,00010,COCOA BEANS,0,0,0,0,0,00010,2023-10
7780,UGANDA,00010,COCOA BEANS,0,0,0,0,0,00010,2023-10
4419,SWITZERLAND,00010,COCOA BEANS,55883,55883,0,15228,15228,00010,2023-10
4890,TURKEY,00010,COCOA BEANS,0,0,0,0,0,00010,2023-10
-,TOTAL FOR ALL COUNTRIES,00010,COCOA BEANS,23526530,23526530,4768,7301664,7301664,00010,2023-10
0003,EUROPEAN UNION,00010,COCOA BEANS,23150,23150,0,2108,2108,00010,2023-10
1XXX,NORTH AMERICA,00010,COCOA BEANS,23334,23334,0,2116,2116,00010,2023-10
4XXX,EUROPE,00010,COCOA BEANS,79033,79033,0,17336,17336,00010,2023-10
7XXX,AFRICA,00010,COCOA BEANS,366796,366796,0,128098,128098,00010,2023-10
0014,PACIFIC RIM COUNTRIES,00010,COCOA BEANS,4227805,4227805,0,1184660,1184660,00010,2023-10
5XXX,ASIA,00010,COCOA BEANS,0,0,0,0,0,00010,2023-10
0017,CAFTA-DR,00010,COCOA BEANS,904522,904522,0,282146,282146,00010,2023-10
6XXX,AUSTRALIA AND OCEANIA,00010,COCOA BEANS,4227805,4227805,0,1184660,1184660,00010,2023-10
0020,USMCA (NAFTA),00010,COCOA BEANS,23334,23334,0,2116,2116,00010,2023-10
0021,TWENTY LATIN AMERICAN REPUBLICS,00010,COCOA BEANS,18852896,18852896,4768,5971570,5971570,00010,2023-10
0022,OECD,00010,COCOA BEANS,102367,102367,0,19452,19452,00010,2023-10
0023,NATO,00010,COCOA BEANS,23150,23150,0,2108,2108,00010,2023-10
0024,LAFTA,00010,COCOA BEANS,17948374,17948374,4768,5689424,5689424,00010,2023-10
0025,EURO AREA,00010,COCOA BEANS,23150,23150,0,2108,2108,00010,2023-10
0026,APEC,00010,COCOA BEANS,5118489,5118489,1119,1373712,1373712,00010,2023-10
0027,ASEAN,00010,COCOA BEANS,0,0,0,0,0,00010,2023-10
0028,CACM,00010,COCOA BEANS,82656,82656,0,15876,15876,00010,2023-10
2010,MEXICO,00010,COCOA BEANS,23334,23334,0,2116,2116,00010,2023-10
2050,GUATEMALA,00010,COCOA BEANS,82656,82656,0,15876,15876,00010,2023-10
2080,BELIZE,00010,COCOA BEANS,0,0,0,0,0,00010,2023-10
2110,EL SALVADOR,00010,COCOA BEANS,0,0,0,0,0,00010,2023-10
2150,HONDURAS,00010,COCOA BEANS,0,0,0,0,0,00010,2023-10
2190,NICARAGUA,00010,COCOA BEANS,0,0,0,0,0,00010,2023-10
2230,COSTA RICA,00010,COCOA BEANS,0,0,0,0,0,00010,2023-10
2250,PANAMA,00010,COCOA BEANS,0,0,0,0,0,00010,2023-10
2450,HAITI,00010,COCOA BEANS,0,0,0,0,0,00010,2023-10
2470,DOMINICAN REPUBLIC,00010,COCOA BEANS,821866,821866,0,266270,266270,00010,2023-10
7830,TANZANIA,00010,COCOA BEANS,0,0,0,0,0,00010,2023-10
7880,MADAGASCAR,00010,COCOA BEANS,0,0,0,0,0,00010,2023-10
2XXX,CENTRAL AMERICA,00010,COCOA BEANS,904522,904522,0,282146,282146,00010,2023-10
3XXX,SOUTH AMERICA,00010,COCOA BEANS,17925040,17925040,4768,5687308,5687308,00010,2023-10
5330,INDIA,00010,COCOA BEANS,0,0,0,0,0,00010,2023-11
5520,VIETNAM,00010,COCOA BEANS,0,0,0,0,0,00010,2023-11
5600,INDONESIA,00010,COCOA BEANS,0,0,0,0,0,00010,2023-11
5650,PHILIPPINES,00010,COCOA BEANS,0,0,0,0,0,00010,2023-11
6040,PAPUA NEW GUINEA,00010,COCOA BEANS,1077140,1077140,0,312400,312400,00010,2023-11
2740,TRINIDAD AND TOBAGO,00010,COCOA BEANS,0,0,0,0,0,00010,2023-11
3010,COLOMBIA,00010,COCOA BEANS,0,0,0,0,0,00010,2023-11
3070,VENEZUELA,00010,COCOA BEANS,98845,98845,0,25578,25578,00010,2023-11
3310,ECUADOR,00010,COCOA BEANS,13932478,13932478,1080,4335819,4335819,00010,2023-11
3330,PERU,00010,COCOA BEANS,1046621,1046621,0,299487,299487,00010,2023-11
3510,BRAZIL,00010,COCOA BEANS,0,0,0,0,0,00010,2023-11
4231,BELGIUM,00010,COCOA BEANS,0,0,0,0,0,00010,2023-11
4279,FRANCE,00010,COCOA BEANS,20535,20535,0,1648,1648,00010,2023-11
6863,FIJI,00010,COCOA BEANS,0,0,0,0,0,00010,2023-11
7480,COTE D'IVOIRE,00010,COCOA BEANS,1365838,1365838,0,404528,404528,00010,2023-11
7490,GHANA,00010,COCOA BEANS,53365,53365,0,8548,8548,00010,2023-11
7520,TOGO,00010,COCOA BEANS,29368,29368,0,5187,5187,00010,2023-11
7530,NIGERIA,00010,COCOA BEANS,0,0,0,0,0,00010,2023-11
7660,DEMOCRATIC REPUBLIC OF THE CONGO,00010,COCOA BEANS,169500,169500,0,50800,50800,00010,2023-11
7780,UGANDA,00010,COCOA BEANS,0,0,0,0,0,00010,2023-11
4419,SWITZERLAND,00010,COCOA BEANS,14852,14852,0,1276,1276,00010,2023-11
4890,TURKEY,00010,COCOA BEANS,0,0,0,0,0,00010,2023-11
-,TOTAL FOR ALL COUNTRIES,00010,COCOA BEANS,18568533,18568533,1080,5664168,5664168,00010,2023-11
0003,EUROPEAN UNION,00010,COCOA BEANS,20535,20535,0,1648,1648,00010,2023-11
1XXX,NORTH AMERICA,00010,COCOA BEANS,16736,16736,0,0,0,00010,2023-11
4XXX,EUROPE,00010,COCOA BEANS,35387,35387,0,2924,2924,00010,2023-11
7XXX,AFRICA,00010,COCOA BEANS,1667991,1667991,0,482167,482167,00010,2023-11
0014,PACIFIC RIM COUNTRIES,00010,COCOA BEANS,1077140,1077140,0,312400,312400,00010,2023-11
5XXX,ASIA,00010,COCOA BEANS,0,0,0,0,0,00010,2023-11
0017,CAFTA-DR,00010,COCOA BEANS,693335,693335,0,205793,205793,00010,2023-11
6XXX,AUSTRALIA AND OCEANIA,00010,COCOA BEANS,1077140,1077140,0,312400,312400,00010,2023-11
0020,USMCA (NAFTA),00010,COCOA BEANS,16736,16736,0,0,0,00010,2023-11
0021,TWENTY LATIN AMERICAN REPUBLICS,00010,COCOA BEANS,15788015,15788015,1080,4866677,4866677,00010,2023-11
0022,OECD,00010,COCOA BEANS,52123,52123,0,2924,2924,00010,2023-11
0023,NATO,00010,COCOA BEANS,20535,20535,0,1648,1648,00010,2023-11
0024,LAFTA,00010,COCOA BEANS,15094680,15094680,1080,4660884,4660884,00010,2023-11
0025,EURO AREA,00010,COCOA BEANS,20535,20535,0,1648,1648,00010,2023-11
0026,APEC,00010,COCOA BEANS,2140497,2140497,0,611887,611887,00010,2023-11
0027,ASEAN,00010,COCOA BEANS,0,0,0,0,0,00010,2023-11
0028,CACM,00010,COCOA BEANS,63674,63674,0,14573,14573,00010,2023-11
2010,MEXICO,00010,COCOA BEANS,16736,16736,0,0,0,00010,2023-11
2050,GUATEMALA,00010,COCOA BEANS,6480,6480,0,1799,1799,00010,2023-11
2080,BELIZE,00010,COCOA BEANS,0,0,0,0,0,00010,2023-11
2110,EL SALVADOR,00010,COCOA BEANS,2114,2114,0,258,258,00010,2023-11
2150,HONDURAS,00010,COCOA BEANS,0,0,0,0,0,00010,2023-11
2190,NICARAGUA,00010,COCOA BEANS,55080,55080,0,12516,12516,00010,2023-11
2230,COSTA RICA,00010,COCOA BEANS,0,0,0,0,0,00010,2023-11
2250,PANAMA,00010,COCOA BEANS,0,0,0,0,0,00010,2023-11
2450,HAITI,00010,COCOA BEANS,0,0,0,0,0,00010,2023-11
2470,DOMINICAN REPUBLIC,00010,COCOA BEANS,629661,629661,0,191220,191220,00010,2023-11
7830,TANZANIA,00010,COCOA BEANS,49920,49920,0,13104,13104,00010,2023-11
7880,MADAGASCAR,00010,COCOA BEANS,0,0,0,0,0,00010,2023-11
2XXX,CENTRAL AMERICA,00010,COCOA BEANS,693335,693335,0,205793,205793,00010,2023-11
3XXX,SOUTH AMERICA,00010,COCOA BEANS,15077944,15077944,1080,4660884,4660884,00010,2023-11
5330,INDIA,00010,COCOA BEANS,0,0,0,0,0,00010,2023-12
5520,VIETNAM,00010,COCOA BEANS,0,0,0,0,0,00010,2023-12
5600,INDONESIA,00010,COCOA BEANS,0,0,0,0,0,00010,2023-12
5650,PHILIPPINES,00010,COCOA BEANS,0,0,0,0,0,00010,2023-12
6040,PAPUA NEW GUINEA,00010,COCOA BEANS,368160,368160,0,121920,121920,00010,2023-12
2740,TRINIDAD AND TOBAGO,00010,COCOA BEANS,0,0,0,0,0,00010,2023-12
3010,COLOMBIA,00010,COCOA BEANS,95653,95653,268,26250,26250,00010,2023-12
3070,VENEZUELA,00010,COCOA BEANS,0,0,0,0,0,00010,2023-12
3310,ECUADOR,00010,COCOA BEANS,16273954,16273954,1316,4158231,4158231,00010,2023-12
3330,PERU,00010,COCOA BEANS,590306,590306,0,112573,112573,00010,2023-12
3510,BRAZIL,00010,COCOA BEANS,0,0,0,0,0,00010,2023-12
4231,BELGIUM,00010,COCOA BEANS,0,0,0,0,0,00010,2023-12
4279,FRANCE,00010,COCOA BEANS,3313,3313,0,330,330,00010,2023-12
6863,FIJI,00010,COCOA BEANS,0,0,0,0,0,00010,2023-12
7480,COTE D'IVOIRE,00010,COCOA BEANS,0,0,0,0,0,00010,2023-12
7490,GHANA,00010,COCOA BEANS,6827448,6827448,0,1706556,1706556,00010,2023-12
7520,TOGO,00010,COCOA BEANS,0,0,0,0,0,00010,2023-12
7530,NIGERIA,00010,COCOA BEANS,0,0,0,0,0,00010,2023-12
7660,DEMOCRATIC REPUBLIC OF THE CONGO,00010,COCOA BEANS,904498,904498,0,289057,289057,00010,2023-12
7780,UGANDA,00010,COCOA BEANS,0,0,0,0,0,00010,2023-12
4419,SWITZERLAND,00010,COCOA BEANS,13071,13071,0,1068,1068,00010,2023-12
4890,TURKEY,00010,COCOA BEANS,0,0,0,0,0,00010,2023-12
-,TOTAL FOR ALL COUNTRIES,00010,COCOA BEANS,28892057,28892057,1584,7540602,7540602,00010,2023-12
0003,EUROPEAN UNION,00010,COCOA BEANS,3313,3313,0,330,330,00010,2023-12
1XXX,NORTH AMERICA,00010,COCOA BEANS,7544,7544,0,0,0,00010,2023-12
4XXX,EUROPE,00010,COCOA BEANS,16384,16384,0,1398,1398,00010,2023-12
7XXX,AFRICA,00010,COCOA BEANS,7803969,7803969,0,2008826,2008826,00010,2023-12
0014,PACIFIC RIM COUNTRIES,00010,COCOA BEANS,368160,368160,0,121920,121920,00010,2023-12
5XXX,ASIA,00010,COCOA BEANS,0,0,0,0,0,00010,2023-12
0017,CAFTA-DR,00010,COCOA BEANS,3736087,3736087,0,1111404,1111404,00010,2023-12
6XXX,AUSTRALIA AND OCEANIA,00010,COCOA BEANS,368160,368160,0,121920,121920,00010,2023-12
0020,USMCA (NAFTA),00010,COCOA BEANS,7544,7544,0,0,0,00010,2023-12
0021,TWENTY LATIN AMERICAN REPUBLICS,00010,COCOA BEANS,20703544,20703544,1584,5408458,5408458,00010,2023-12
0022,OECD,00010,COCOA BEANS,23928,23928,0,1398,1398,00010,2023-12
0023,NATO,00010,COCOA BEANS,3313,3313,0,330,330,00010,2023-12
0024,LAFTA,00010,COCOA BEANS,16967457,16967457,1584,4297054,4297054,00010,2023-12
0025,EURO AREA,00010,COCOA BEANS,3313,3313,0,330,330,00010,2023-12
0026,APEC,00010,COCOA BEANS,966010,966010,0,234493,234493,00010,2023-12
0027,ASEAN,00010,COCOA BEANS,0,0,0,0,0,00010,2023-12
0028,CACM,00010,COCOA BEANS,9934,9934,0,1169,1169,00010,2023-12
2010,MEXICO,00010,COCOA BEANS,7544,7544,0,0,0,00010,2023-12
2050,GUATEMALA,00010,COCOA BEANS,0,0,0,0,0,00010,2023-12
2080,BELIZE,00010,COCOA BEANS,0,0,0,0,0,00010,2023-12
2110,EL SALVADOR,00010,COCOA BEANS,9934,9934,0,1169,1169,00010,2023-12
2150,HONDURAS,00010,COCOA BEANS,0,0,0,0,0,00010,2023-12
2190,NICARAGUA,00010,COCOA BEANS,0,0,0,0,0,00010,2023-12
2230,COSTA RICA,00010,COCOA BEANS,0,0,0,0,0,00010,2023-12
2250,PANAMA,00010,COCOA BEANS,0,0,0,0,0,00010,2023-12
2450,HAITI,00010,COCOA BEANS,0,0,0,0,0,00010,2023-12
2470,DOMINICAN REPUBLIC,00010,COCOA BEANS,3726153,3726153,0,1110235,1110235,00010,2023-12
7830,TANZANIA,00010,COCOA BEANS,0,0,0,0,0,00010,2023-12
7880,MADAGASCAR,00010,COCOA BEANS,72023,72023,0,13213,13213,00010,2023-12
2XXX,CENTRAL AMERICA,00010,COCOA BEANS,3736087,3736087,0,1111404,1111404,00010,2023-12
3XXX,SOUTH AMERICA,00010,COCOA BEANS,16959913,16959913,1584,4297054,4297054,00010,2023-12
3010,COLOMBIA,00010,COCOA BEANS,33470,33470,0,5219,5219,00010,2024-01
3070,VENEZUELA,00010,COCOA BEANS,138861,138861,0,78813,78813,00010,2024-01
3310,ECUADOR,00010,COCOA BEANS,8850789,8850789,1326,2063409,2106884,00010,2024-01
3330,PERU,00010,COCOA BEANS,987088,987088,2268,211597,211597,00010,2024-01
3510,BRAZIL,00010,COCOA BEANS,24190,24190,0,6100,6100,00010,2024-01
4279,FRANCE,00010,COCOA BEANS,8214,8214,0,600,600,00010,2024-01
7480,COTE D'IVOIRE,00010,COCOA BEANS,102218365,102218365,0,1978086,38195738,00010,2024-01
7490,GHANA,00010,COCOA BEANS,25216047,25216047,0,8543633,8543633,00010,2024-01
7780,UGANDA,00010,COCOA BEANS,91950,91950,0,26460,26460,00010,2024-01
4419,SWITZERLAND,00010,COCOA BEANS,7351,7351,0,613,613,00010,2024-01
4759,ITALY,00010,COCOA BEANS,12109,12109,0,3698,3698,00010,2024-01
-,TOTAL FOR ALL COUNTRIES,00010,COCOA BEANS,139873859,139873859,3594,13568442,49829569,00010,2024-01
0003,EUROPEAN UNION,00010,COCOA BEANS,20323,20323,0,4298,4298,00010,2024-01
1XXX,NORTH AMERICA,00010,COCOA BEANS,18070,18070,0,0,0,00010,2024-01
4XXX,EUROPE,00010,COCOA BEANS,27674,27674,0,4911,4911,00010,2024-01
7XXX,AFRICA,00010,COCOA BEANS,127526362,127526362,0,10548179,46765831,00010,2024-01
0017,CAFTA-DR,00010,COCOA BEANS,2267355,2267355,0,650214,650214,00010,2024-01
0020,USMCA (NAFTA),00010,COCOA BEANS,18070,18070,0,0,0,00010,2024-01
0021,TWENTY LATIN AMERICAN REPUBLICS,00010,COCOA BEANS,12319823,12319823,3594,3015352,3058827,00010,2024-01
0022,OECD,00010,COCOA BEANS,45744,45744,0,4911,4911,00010,2024-01
0023,NATO,00010,COCOA BEANS,20323,20323,0,4298,4298,00010,2024-01
0024,LAFTA,00010,COCOA BEANS,10052468,10052468,3594,2365138,2408613,00010,2024-01
0025,EURO AREA,00010,COCOA BEANS,20323,20323,0,4298,4298,00010,2024-01
0026,APEC,00010,COCOA BEANS,1005158,1005158,2268,211597,211597,00010,2024-01
2010,MEXICO,00010,COCOA BEANS,18070,18070,0,0,0,00010,2024-01
2470,DOMINICAN REPUBLIC,00010,COCOA BEANS,2267355,2267355,0,650214,650214,00010,2024-01
2XXX,CENTRAL AMERICA,00010,COCOA BEANS,2267355,2267355,0,650214,650214,00010,2024-01
3XXX,SOUTH AMERICA,00010,COCOA BEANS,10034398,10034398,3594,2365138,2408613,00010,2024-01
6040,PAPUA NEW GUINEA,00010,COCOA BEANS,1383080,1383080,0,421640,421640,00010,2024-02
3010,COLOMBIA,00010,COCOA BEANS,0,0,0,0,0,00010,2024-02
3070,VENEZUELA,00010,COCOA BEANS,0,0,0,0,0,00010,2024-02
3310,ECUADOR,00010,COCOA BEANS,11908175,11908175,1789,2744040,2744040,00010,2024-02
3330,PERU,00010,COCOA BEANS,1422669,1422669,0,263386,263386,00010,2024-02
3350,BOLIVIA,00010,COCOA BEANS,67581,67581,0,17588,17588,00010,2024-02
3510,BRAZIL,00010,COCOA BEANS,0,0,0,0,0,00010,2024-02
4279,FRANCE,00010,COCOA BEANS,0,0,0,0,0,00010,2024-02
7480,COTE D'IVOIRE,00010,COCOA BEANS,82025443,82025443,0,4495250,30209816,00010,2024-02
7490,GHANA,00010,COCOA BEANS,27342496,27342496,0,9653905,9653905,00010,2024-02
7780,UGANDA,00010,COCOA BEANS,62500,62500,0,12700,12700,00010,2024-02
4419,SWITZERLAND,00010,COCOA BEANS,180031,180031,0,39528,39528,00010,2024-02
4759,ITALY,00010,COCOA BEANS,0,0,0,0,0,00010,2024-02
-,TOTAL FOR ALL COUNTRIES,00010,COCOA BEANS,128569084,128569084,1789,18745435,44460001,00010,2024-02
0003,EUROPEAN UNION,00010,COCOA BEANS,0,0,0,0,0,00010,2024-02
1XXX,NORTH AMERICA,00010,COCOA BEANS,23318,23318,0,0,0,00010,2024-02
4XXX,EUROPE,00010,COCOA BEANS,180031,180031,0,39528,39528,00010,2024-02
7XXX,AFRICA,00010,COCOA BEANS,109503775,109503775,0,14175078,39889644,00010,2024-02
0014,PACIFIC RIM COUNTRIES,00010,COCOA BEANS,1383080,1383080,0,421640,421640,00010,2024-02
0017,CAFTA-DR,00010,COCOA BEANS,4080455,4080455,0,1084175,1084175,00010,2024-02
6XXX,AUSTRALIA AND OCEANIA,00010,COCOA BEANS,1383080,1383080,0,421640,421640,00010,2024-02
0020,USMCA (NAFTA),00010,COCOA BEANS,23318,23318,0,0,0,00010,2024-02
0021,TWENTY LATIN AMERICAN REPUBLICS,00010,COCOA BEANS,17502198,17502198,1789,4109189,4109189,00010,2024-02
0022,OECD,00010,COCOA BEANS,203349,203349,0,39528,39528,00010,2024-02
0023,NATO,00010,COCOA BEANS,0,0,0,0,0,00010,2024-02
0024,LAFTA,00010,COCOA BEANS,13421743,13421743,1789,3025014,3025014,00010,2024-02
0025,EURO AREA,00010,COCOA BEANS,0,0,0,0,0,00010,2024-02
0026,APEC,00010,COCOA BEANS,2829067,2829067,0,685026,685026,00010,2024-02
2010,MEXICO,00010,COCOA BEANS,23318,23318,0,0,0,00010,2024-02
2470,DOMINICAN REPUBLIC,00010,COCOA BEANS,4080455,4080455,0,1084175,1084175,00010,2024-02
7880,MADAGASCAR,00010,COCOA BEANS,73336,73336,0,13223,13223,00010,2024-02
2XXX,CENTRAL AMERICA,00010,COCOA BEANS,4080455,4080455,0,1084175,1084175,00010,2024-02
3XXX,SOUTH AMERICA,00010,COCOA BEANS,13398425,13398425,1789,3025014,3025014,00010,2024-02
5490,THAILAND,00010,COCOA BEANS,63750,63750,0,13100,13100,00010,2024-03
5650,PHILIPPINES,00010,COCOA BEANS,47450,47450,0,13000,13000,00010,2024-03
6040,PAPUA NEW GUINEA,00010,COCOA BEANS,683448,683448,0,200000,200000,00010,2024-03
3010,COLOMBIA,00010,COCOA BEANS,181159,181159,0,40400,40400,00010,2024-03
3070,VENEZUELA,00010,COCOA BEANS,0,0,0,0,0,00010,2024-03
3310,ECUADOR,00010,COCOA BEANS,11513093,11513093,1850,2277659,2277659,00010,2024-03
3330,PERU,00010,COCOA BEANS,1126854,1126854,0,172172,172172,00010,2024-03
3350,BOLIVIA,00010,COCOA BEANS,0,0,0,0,0,00010,2024-03
3510,BRAZIL,00010,COCOA BEANS,0,0,0,0,0,00010,2024-03
4279,FRANCE,00010,COCOA BEANS,4107,4107,0,300,300,00010,2024-03
7480,COTE D'IVOIRE,00010,COCOA BEANS,61729295,61729295,0,4587392,26751483,00010,2024-03
7490,GHANA,00010,COCOA BEANS,18748638,18748638,0,8208651,8208651,00010,2024-03
7530,NIGERIA,00010,COCOA BEANS,8700680,8700680,0,1542910,1542910,00010,2024-03
7780,UGANDA,00010,COCOA BEANS,0,0,0,0,0,00010,2024-03
4419,SWITZERLAND,00010,COCOA BEANS,0,0,0,0,0,00010,2024-03
4759,ITALY,00010,COCOA BEANS,0,0,0,0,0,00010,2024-03
-,TOTAL FOR ALL COUNTRIES,00010,COCOA BEANS,109414127,109414127,1850,18584144,40748235,00010,2024-03
0003,EUROPEAN UNION,00010,COCOA BEANS,4107,4107,0,300,300,00010,2024-03
1XXX,NORTH AMERICA,00010,COCOA BEANS,8500,8500,0,0,0,00010,2024-03
4XXX,EUROPE,00010,COCOA BEANS,4107,4107,0,300,300,00010,2024-03
7XXX,AFRICA,00010,COCOA BEANS,89252759,89252759,0,14352168,36516259,00010,2024-03
0014,PACIFIC RIM COUNTRIES,00010,COCOA BEANS,730898,730898,0,213000,213000,00010,2024-03
5XXX,ASIA,00010,COCOA BEANS,111200,111200,0,26100,26100,00010,2024-03
0017,CAFTA-DR,00010,COCOA BEANS,6533007,6533007,0,1515345,1515345,00010,2024-03
6XXX,AUSTRALIA AND OCEANIA,00010,COCOA BEANS,683448,683448,0,200000,200000,00010,2024-03
0020,USMCA (NAFTA),00010,COCOA BEANS,8500,8500,0,0,0,00010,2024-03
0021,TWENTY LATIN AMERICAN REPUBLICS,00010,COCOA BEANS,19362613,19362613,1850,4005576,4005576,00010,2024-03
0022,OECD,00010,COCOA BEANS,12607,12607,0,300,300,00010,2024-03
0023,NATO,00010,COCOA BEANS,4107,4107,0,300,300,00010,2024-03
0024,LAFTA,00010,COCOA BEANS,12829606,12829606,1850,2490231,2490231,00010,2024-03
0025,EURO AREA,00010,COCOA BEANS,4107,4107,0,300,300,00010,2024-03
0026,APEC,00010,COCOA BEANS,1930002,1930002,0,398272,398272,00010,2024-03
0027,ASEAN,00010,COCOA BEANS,111200,111200,0,26100,26100,00010,2024-03
0028,CACM,00010,COCOA BEANS,1131781,1131781,0,252285,252285,00010,2024-03
2010,MEXICO,00010,COCOA BEANS,8500,8500,0,0,0,00010,2024-03
2050,GUATEMALA,00010,COCOA BEANS,1131781,1131781,0,252285,252285,00010,2024-03
2470,DOMINICAN REPUBLIC,00010,COCOA BEANS,5401226,5401226,0,1263060,1263060,00010,2024-03
7880,MADAGASCAR,00010,COCOA BEANS,74146,74146,0,13215,13215,00010,2024-03
2XXX,CENTRAL AMERICA,00010,COCOA BEANS,6533007,6533007,0,1515345,1515345,00010,2024-03
3XXX,SOUTH AMERICA,00010,COCOA BEANS,12821106,12821106,1850,2490231,2490231,00010,2024-03
5490,THAILAND,00010,COCOA BEANS,0,0,0,0,0,00010,2024-04
5520,VIETNAM,00010,COCOA BEANS,40500,40500,0,6240,6240,00010,2024-04
5650,PHILIPPINES,00010,COCOA BEANS,0,0,0,0,0,00010,2024-04
6040,PAPUA NEW GUINEA,00010,COCOA BEANS,977970,977970,0,259080,259080,00010,2024-04
3010,COLOMBIA,00010,COCOA BEANS,273020,273020,0,77606,77606,00010,2024-04
3070,VENEZUELA,00010,COCOA BEANS,0,0,0,0,0,00010,2024-04
3310,ECUADOR,00010,COCOA BEANS,27627435,27627435,11382,4313738,4313738,00010,2024-04
3330,PERU,00010,COCOA BEANS,567828,567828,910,71538,75187,00010,2024-04
3350,BOLIVIA,00010,COCOA BEANS,0,0,0,0,0,00010,2024-04
3510,BRAZIL,00010,COCOA BEANS,0,0,0,0,0,00010,2024-04
4279,FRANCE,00010,COCOA BEANS,31488,31488,0,2300,2300,00010,2024-04
7480,COTE D'IVOIRE,00010,COCOA BEANS,15991773,15991773,0,2949517,2949517,00010,2024-04
7490,GHANA,00010,COCOA BEANS,21684261,21684261,0,5518931,5518931,00010,2024-04
7530,NIGERIA,00010,COCOA BEANS,2913280,2913280,0,516540,516540,00010,2024-04
7780,UGANDA,00010,COCOA BEANS,0,0,0,0,0,00010,2024-04
4419,SWITZERLAND,00010,COCOA BEANS,24425,24425,0,1741,1741,00010,2024-04
4759,ITALY,00010,COCOA BEANS,6575,6575,526,0,0,00010,2024-04
-,TOTAL FOR ALL COUNTRIES,00010,COCOA BEANS,79238852,79238852,12818,15587807,15591456,00010,2024-04
0003,EUROPEAN UNION,00010,COCOA BEANS,38063,38063,526,2300,2300,00010,2024-04
1XXX,NORTH AMERICA,00010,COCOA BEANS,0,0,0,0,0,00010,2024-04
4XXX,EUROPE,00010,COCOA BEANS,62488,62488,526,4041,4041,00010,2024-04
7XXX,AFRICA,00010,COCOA BEANS,40589314,40589314,0,8984988,8984988,00010,2024-04
0014,PACIFIC RIM COUNTRIES,00010,COCOA BEANS,977970,977970,0,259080,259080,00010,2024-04
5XXX,ASIA,00010,COCOA BEANS,40500,40500,0,6240,6240,00010,2024-04
0017,CAFTA-DR,00010,COCOA BEANS,9100297,9100297,0,1870576,1870576,00010,2024-04
6XXX,AUSTRALIA AND OCEANIA,00010,COCOA BEANS,977970,977970,0,259080,259080,00010,2024-04
0020,USMCA (NAFTA),00010,COCOA BEANS,0,0,0,0,0,00010,2024-04
0021,TWENTY LATIN AMERICAN REPUBLICS,00010,COCOA BEANS,37568580,37568580,12292,6333458,6337107,00010,2024-04
0022,OECD,00010,COCOA BEANS,62488,62488,526,4041,4041,00010,2024-04
0023,NATO,00010,COCOA BEANS,38063,38063,526,2300,2300,00010,2024-04
0024,LAFTA,00010,COCOA BEANS,28468283,28468283,12292,4462882,4466531,00010,2024-04
0025,EURO AREA,00010,COCOA BEANS,38063,38063,526,2300,2300,00010,2024-04
0026,APEC,00010,COCOA BEANS,1586298,1586298,910,336858,340507,00010,2024-04
0027,ASEAN,00010,COCOA BEANS,40500,40500,0,6240,6240,00010,2024-04
0028,CACM,00010,COCOA BEANS,218504,218504,0,33267,33267,00010,2024-04
2010,MEXICO,00010,COCOA BEANS,0,0,0,0,0,00010,2024-04
2050,GUATEMALA,00010,COCOA BEANS,0,0,0,0,0,00010,2024-04
2110,EL SALVADOR,00010,COCOA BEANS,4928,4928,0,1219,1219,00010,2024-04
2190,NICARAGUA,00010,COCOA BEANS,213576,213576,0,32048,32048,00010,2024-04
2470,DOMINICAN REPUBLIC,00010,COCOA BEANS,8881793,8881793,0,1837309,1837309,00010,2024-04
7880,MADAGASCAR,00010,COCOA BEANS,0,0,0,0,0,00010,2024-04
2XXX,CENTRAL AMERICA,00010,COCOA BEANS,9100297,9100297,0,1870576,1870576,00010,2024-04
3XXX,SOUTH AMERICA,00010,COCOA BEANS,28468283,28468283,12292,4462882,4466531,00010,2024-04
5330,INDIA,00010,COCOA BEANS,110453,110453,0,13754,13754,00010,2024-05
5490,THAILAND,00010,COCOA BEANS,0,0,0,0,0,00010,2024-05
5520,VIETNAM,00010,COCOA BEANS,0,0,0,0,0,00010,2024-05
5650,PHILIPPINES,00010,COCOA BEANS,0,0,0,0,0,00010,2024-05
6040,PAPUA NEW GUINEA,00010,COCOA BEANS,302550,302550,0,76200,76200,00010,2024-05
3010,COLOMBIA,00010,COCOA BEANS,194955,194955,0,37763,37763,00010,2024-05
3070,VENEZUELA,00010,COCOA BEANS,0,0,0,0,0,00010,2024-05
3310,ECUADOR,00010,COCOA BEANS,29365929,29365929,8886,3665349,3665349,00010,2024-05
3330,PERU,00010,COCOA BEANS,960062,960062,0,120650,120650,00010,2024-05
3350,BOLIVIA,00010,COCOA BEANS,0,0,0,0,0,00010,2024-05
3510,BRAZIL,00010,COCOA BEANS,0,0,0,0,0,00010,2024-05
4279,FRANCE,00010,COCOA BEANS,39536,39536,0,3228,3228,00010,2024-05
7480,COTE D'IVOIRE,00010,COCOA BEANS,27665920,27665920,0,1356587,14283444,00010,2024-05
7490,GHANA,00010,COCOA BEANS,10788692,10788692,0,2340678,2340678,00010,2024-05
7530,NIGERIA,00010,COCOA BEANS,1316736,1316736,0,254064,254064,00010,2024-05
7780,UGANDA,00010,COCOA BEANS,128750,128750,0,25400,25400,00010,2024-05
4419,SWITZERLAND,00010,COCOA BEANS,37537,37537,0,13554,13554,00010,2024-05
4759,ITALY,00010,COCOA BEANS,15013,15013,0,1115,1115,00010,2024-05
-,TOTAL FOR ALL COUNTRIES,00010,COCOA BEANS,82080471,82080471,9264,9607537,22534394,00010,2024-05
0003,EUROPEAN UNION,00010,COCOA BEANS,54549,54549,0,4343,4343,00010,2024-05
1XXX,NORTH AMERICA,00010,COCOA BEANS,112499,112499,0,0,0,00010,2024-05
4XXX,EUROPE,00010,COCOA BEANS,92086,92086,0,17897,17897,00010,2024-05
7XXX,AFRICA,00010,COCOA BEANS,39950978,39950978,0,3989576,16916433,00010,2024-05
0014,PACIFIC RIM COUNTRIES,00010,COCOA BEANS,302550,302550,0,76200,76200,00010,2024-05
5XXX,ASIA,00010,COCOA BEANS,110453,110453,0,13754,13754,00010,2024-05
0017,CAFTA-DR,00010,COCOA BEANS,10920889,10920889,378,1676232,1676232,00010,2024-05
6XXX,AUSTRALIA AND OCEANIA,00010,COCOA BEANS,302550,302550,0,76200,76200,00010,2024-05
0020,USMCA (NAFTA),00010,COCOA BEANS,112499,112499,0,0,0,00010,2024-05
0021,TWENTY LATIN AMERICAN REPUBLICS,00010,COCOA BEANS,41554334,41554334,9264,5499994,5499994,00010,2024-05
0022,OECD,00010,COCOA BEANS,204585,204585,0,17897,17897,00010,2024-05
0023,NATO,00010,COCOA BEANS,54549,54549,0,4343,4343,00010,2024-05
0024,LAFTA,00010,COCOA BEANS,30633445,30633445,8886,3823762,3823762,00010,2024-05
0025,EURO AREA,00010,COCOA BEANS,54549,54549,0,4343,4343,00010,2024-05
0026,APEC,00010,COCOA BEANS,1375111,1375111,0,196850,196850,00010,2024-05
0027,ASEAN,00010,COCOA BEANS,0,0,0,0,0,00010,2024-05
0028,CACM,00010,COCOA BEANS,5046,5046,378,433,433,00010,2024-05
2010,MEXICO,00010,COCOA BEANS,112499,112499,0,0,0,00010,2024-05
2050,GUATEMALA,00010,COCOA BEANS,2233,2233,0,433,433,00010,2024-05
2080,BELIZE,00010,COCOA BEANS,70070,70070,0,10116,10116,00010,2024-05
2110,EL SALVADOR,00010,COCOA BEANS,0,0,0,0,0,00010,2024-05
2190,NICARAGUA,00010,COCOA BEANS,0,0,0,0,0,00010,2024-05
2230,COSTA RICA,00010,COCOA BEANS,2813,2813,378,0,0,00010,2024-05
2470,DOMINICAN REPUBLIC,00010,COCOA BEANS,10915843,10915843,0,1675799,1675799,00010,2024-05
7830,TANZANIA,00010,COCOA BEANS,50880,50880,0,12847,12847,00010,2024-05
7880,MADAGASCAR,00010,COCOA BEANS,0,0,0,0,0,00010,2024-05
2XXX,CENTRAL AMERICA,00010,COCOA BEANS,10990959,10990959,378,1686348,1686348,00010,2024-05
3XXX,SOUTH AMERICA,00010,COCOA BEANS,30520946,30520946,8886,3823762,3823762,00010,2024-05
5330,INDIA,00010,COCOA BEANS,0,0,0,0,0,00010,2024-06
5490,THAILAND,00010,COCOA BEANS,0,0,0,0,0,00010,2024-06
5520,VIETNAM,00010,COCOA BEANS,0,0,0,0,0,00010,2024-06
5650,PHILIPPINES,00010,COCOA BEANS,0,0,0,0,0,00010,2024-06
6040,PAPUA NEW GUINEA,00010,COCOA BEANS,1100720,1100720,0,132080,132080,00010,2024-06
3010,COLOMBIA,00010,COCOA BEANS,90344,90344,778,12600,12600,00010,2024-06
3070,VENEZUELA,00010,COCOA BEANS,0,0,0,0,0,00010,2024-06
3310,ECUADOR,00010,COCOA BEANS,40444069,40444069,1583,4119293,4119293,00010,2024-06
3330,PERU,00010,COCOA BEANS,2757931,2757931,0,286316,286316,00010,2024-06
3350,BOLIVIA,00010,COCOA BEANS,0,0,0,0,0,00010,2024-06
3510,BRAZIL,00010,COCOA BEANS,0,0,0,0,0,00010,2024-06
4279,FRANCE,00010,COCOA BEANS,20535,20535,0,1677,1677,00010,2024-06
7480,COTE D'IVOIRE,00010,COCOA BEANS,15471321,15471321,0,2440424,2440424,00010,2024-06
7490,GHANA,00010,COCOA BEANS,4577368,4577368,0,1220740,1220740,00010,2024-06
7530,NIGERIA,00010,COCOA BEANS,1047806,1047806,0,101600,101600,00010,2024-06
7660,DEMOCRATIC REPUBLIC OF THE CONGO,00010,COCOA BEANS,860584,860584,0,148152,148152,00010,2024-06
7780,UGANDA,00010,COCOA BEANS,76875,76875,0,12700,12700,00010,2024-06
4419,SWITZERLAND,00010,COCOA BEANS,12007,12007,0,839,839,00010,2024-06
4759,ITALY,00010,COCOA BEANS,0,0,0,0,0,00010,2024-06
-,TOTAL FOR ALL COUNTRIES,00010,COCOA BEANS,85311185,85311185,2361,11017667,11017667,00010,2024-06
0003,EUROPEAN UNION,00010,COCOA BEANS,20535,20535,0,1677,1677,00010,2024-06
1XXX,NORTH AMERICA,00010,COCOA BEANS,5662,5662,0,0,0,00010,2024-06
4XXX,EUROPE,00010,COCOA BEANS,32542,32542,0,2516,2516,00010,2024-06
7XXX,AFRICA,00010,COCOA BEANS,22324074,22324074,0,3989327,3989327,00010,2024-06
0014,PACIFIC RIM COUNTRIES,00010,COCOA BEANS,1100720,1100720,0,132080,132080,00010,2024-06
5XXX,ASIA,00010,COCOA BEANS,0,0,0,0,0,00010,2024-06
0017,CAFTA-DR,00010,COCOA BEANS,18371043,18371043,0,2448970,2448970,00010,2024-06
6XXX,AUSTRALIA AND OCEANIA,00010,COCOA BEANS,1100720,1100720,0,132080,132080,00010,2024-06
0020,USMCA (NAFTA),00010,COCOA BEANS,5662,5662,0,0,0,00010,2024-06
0021,TWENTY LATIN AMERICAN REPUBLICS,00010,COCOA BEANS,61755674,61755674,2361,6879719,6879719,00010,2024-06
0022,OECD,00010,COCOA BEANS,38204,38204,0,2516,2516,00010,2024-06
0023,NATO,00010,COCOA BEANS,20535,20535,0,1677,1677,00010,2024-06
0024,LAFTA,00010,COCOA BEANS,43298006,43298006,2361,4418209,4418209,00010,2024-06
0025,EURO AREA,00010,COCOA BEANS,20535,20535,0,1677,1677,00010,2024-06
0026,APEC,00010,COCOA BEANS,3864313,3864313,0,418396,418396,00010,2024-06
0027,ASEAN,00010,COCOA BEANS,0,0,0,0,0,00010,2024-06
0028,CACM,00010,COCOA BEANS,11000,11000,0,2526,2526,00010,2024-06
2010,MEXICO,00010,COCOA BEANS,5662,5662,0,0,0,00010,2024-06
2050,GUATEMALA,00010,COCOA BEANS,0,0,0,0,0,00010,2024-06
2080,BELIZE,00010,COCOA BEANS,98175,98175,0,14025,14025,00010,2024-06
2110,EL SALVADOR,00010,COCOA BEANS,0,0,0,0,0,00010,2024-06
2190,NICARAGUA,00010,COCOA BEANS,11000,11000,0,2526,2526,00010,2024-06
2230,COSTA RICA,00010,COCOA BEANS,0,0,0,0,0,00010,2024-06
2450,HAITI,00010,COCOA BEANS,86625,86625,0,12540,12540,00010,2024-06
2470,DOMINICAN REPUBLIC,00010,COCOA BEANS,18360043,18360043,0,2446444,2446444,00010,2024-06
7830,TANZANIA,00010,COCOA BEANS,290120,290120,0,65711,65711,00010,2024-06
7880,MADAGASCAR,00010,COCOA BEANS,0,0,0,0,0,00010,2024-06
2XXX,CENTRAL AMERICA,00010,COCOA BEANS,18555843,18555843,0,2475535,2475535,00010,2024-06
3XXX,SOUTH AMERICA,00010,COCOA BEANS,43292344,43292344,2361,4418209,4418209,00010,2024-06
5330,INDIA,00010,COCOA BEANS,0,0,0,0,0,00010,2024-07
5490,THAILAND,00010,COCOA BEANS,0,0,0,0,0,00010,2024-07
5520,VIETNAM,00010,COCOA BEANS,0,0,0,0,0,00010,2024-07
5650,PHILIPPINES,00010,COCOA BEANS,0,0,0,0,0,00010,2024-07
6040,PAPUA NEW GUINEA,00010,COCOA BEANS,577840,577840,0,162560,162560,00010,2024-07
2740,TRINIDAD AND TOBAGO,00010,COCOA BEANS,77500,77500,0,14700,14700,00010,2024-07
3010,COLOMBIA,00010,COCOA BEANS,147032,147032,2212,13868,13868,00010,2024-07
3070,VENEZUELA,00010,COCOA BEANS,0,0,0,0,0,00010,2024-07
3310,ECUADOR,00010,COCOA BEANS,26262424,26262424,0,2690012,2690012,00010,2024-07
3330,PERU,00010,COCOA BEANS,1210673,1210673,0,162980,164292,00010,2024-07
3350,BOLIVIA,00010,COCOA BEANS,0,0,0,0,0,00010,2024-07
3510,BRAZIL,00010,COCOA BEANS,0,0,0,0,0,00010,2024-07
4279,FRANCE,00010,COCOA BEANS,42082,42082,0,3368,3368,00010,2024-07
7480,COTE D'IVOIRE,00010,COCOA BEANS,2055803,2055803,0,303397,303397,00010,2024-07
7490,GHANA,00010,COCOA BEANS,1175368,1175368,0,289177,289177,00010,2024-07
7530,NIGERIA,00010,COCOA BEANS,519738,519738,0,50770,50770,00010,2024-07
7660,DEMOCRATIC REPUBLIC OF THE CONGO,00010,COCOA BEANS,2125748,2125748,0,264305,264305,00010,2024-07
7780,UGANDA,00010,COCOA BEANS,0,0,0,0,0,00010,2024-07
4419,SWITZERLAND,00010,COCOA BEANS,34332,34332,0,4948,4948,00010,2024-07
4759,ITALY,00010,COCOA BEANS,26215,26215,1578,0,0,00010,2024-07
-,TOTAL FOR ALL COUNTRIES,00010,COCOA BEANS,60104967,60104967,3790,6798343,6799655,00010,2024-07
0003,EUROPEAN UNION,00010,COCOA BEANS,68297,68297,1578,3368,3368,00010,2024-07
1XXX,NORTH AMERICA,00010,COCOA BEANS,11555,11555,0,0,0,00010,2024-07
4XXX,EUROPE,00010,COCOA BEANS,102629,102629,1578,8316,8316,00010,2024-07
7XXX,AFRICA,00010,COCOA BEANS,5990366,5990366,0,933804,933804,00010,2024-07
0014,PACIFIC RIM COUNTRIES,00010,COCOA BEANS,577840,577840,0,162560,162560,00010,2024-07
5XXX,ASIA,00010,COCOA BEANS,0,0,0,0,0,00010,2024-07
0017,CAFTA-DR,00010,COCOA BEANS,25591388,25591388,0,2786853,2786853,00010,2024-07
6XXX,AUSTRALIA AND OCEANIA,00010,COCOA BEANS,577840,577840,0,162560,162560,00010,2024-07
0020,USMCA (NAFTA),00010,COCOA BEANS,11555,11555,0,0,0,00010,2024-07
0021,TWENTY LATIN AMERICAN REPUBLICS,00010,COCOA BEANS,53356632,53356632,2212,5678963,5680275,00010,2024-07
0022,OECD,00010,COCOA BEANS,114184,114184,1578,8316,8316,00010,2024-07
0023,NATO,00010,COCOA BEANS,68297,68297,1578,3368,3368,00010,2024-07
0024,LAFTA,00010,COCOA BEANS,27631684,27631684,2212,2866860,2868172,00010,2024-07
0025,EURO AREA,00010,COCOA BEANS,68297,68297,1578,3368,3368,00010,2024-07
0026,APEC,00010,COCOA BEANS,1800068,1800068,0,325540,326852,00010,2024-07
0027,ASEAN,00010,COCOA BEANS,0,0,0,0,0,00010,2024-07
0028,CACM,00010,COCOA BEANS,94400,94400,0,11030,11030,00010,2024-07
2010,MEXICO,00010,COCOA BEANS,11555,11555,0,0,0,00010,2024-07
2050,GUATEMALA,00010,COCOA BEANS,0,0,0,0,0,00010,2024-07
2080,BELIZE,00010,COCOA BEANS,0,0,0,0,0,00010,2024-07
2110,EL SALVADOR,00010,COCOA BEANS,0,0,0,0,0,00010,2024-07
2150,HONDURAS,00010,COCOA BEANS,24000,24000,0,3030,3030,00010,2024-07
2190,NICARAGUA,00010,COCOA BEANS,70400,70400,0,8000,8000,00010,2024-07
2230,COSTA RICA,00010,COCOA BEANS,0,0,0,0,0,00010,2024-07
2450,HAITI,00010,COCOA BEANS,133560,133560,0,25250,25250,00010,2024-07
2470,DOMINICAN REPUBLIC,00010,COCOA BEANS,25496988,25496988,0,2775823,2775823,00010,2024-07
7830,TANZANIA,00010,COCOA BEANS,79920,79920,0,20181,20181,00010,2024-07
7880,MADAGASCAR,00010,COCOA BEANS,33789,33789,0,5974,5974,00010,2024-07
2XXX,CENTRAL AMERICA,00010,COCOA BEANS,25802448,25802448,0,2826803,2826803,00010,2024-07
3XXX,SOUTH AMERICA,00010,COCOA BEANS,27620129,27620129,2212,2866860,2868172,00010,2024-07
5330,INDIA,00010,COCOA BEANS,0,0,0,0,0,00010,2024-08
5490,THAILAND,00010,COCOA BEANS,0,0,0,0,0,00010,2024-08
5520,VIETNAM,00010,COCOA BEANS,0,0,0,0,0,00010,2024-08
5650,PHILIPPINES,00010,COCOA BEANS,0,0,0,0,0,00010,2024-08
6040,PAPUA NEW GUINEA,00010,COCOA BEANS,1810860,1810860,0,254000,254000,00010,2024-08
2740,TRINIDAD AND TOBAGO,00010,COCOA BEANS,0,0,0,0,0,00010,2024-08
3010,COLOMBIA,00010,COCOA BEANS,55432,55432,0,5597,5597,00010,2024-08
3070,VENEZUELA,00010,COCOA BEANS,0,0,0,0,0,00010,2024-08
3310,ECUADOR,00010,COCOA BEANS,36127175,36127175,1189,3868953,3868953,00010,2024-08
3330,PERU,00010,COCOA BEANS,12877510,12877510,3859,1635302,1635302,00010,2024-08
3350,BOLIVIA,00010,COCOA BEANS,0,0,0,0,0,00010,2024-08
3510,BRAZIL,00010,COCOA BEANS,0,0,0,0,0,00010,2024-08
4279,FRANCE,00010,COCOA BEANS,25327,25327,0,1850,1850,00010,2024-08
7480,COTE D'IVOIRE,00010,COCOA BEANS,9617003,9617003,0,1011320,1011320,00010,2024-08
7490,GHANA,00010,COCOA BEANS,221886,221886,0,39602,39602,00010,2024-08
7520,TOGO,00010,COCOA BEANS,101913,101913,0,12080,12080,00010,2024-08
7530,NIGERIA,00010,COCOA BEANS,0,0,0,0,0,00010,2024-08
7660,DEMOCRATIC REPUBLIC OF THE CONGO,00010,COCOA BEANS,0,0,0,0,0,00010,2024-08
7780,UGANDA,00010,COCOA BEANS,65625,65625,0,12700,12700,00010,2024-08
4419,SWITZERLAND,00010,COCOA BEANS,32076,32076,0,2572,2572,00010,2024-08
4759,ITALY,00010,COCOA BEANS,53717,53717,1052,2104,2104,00010,2024-08
-,TOTAL FOR ALL COUNTRIES,00010,COCOA BEANS,77739848,77739848,7063,8810292,8810292,00010,2024-08
0003,EUROPEAN UNION,00010,COCOA BEANS,79044,79044,1052,3954,3954,00010,2024-08
1XXX,NORTH AMERICA,00010,COCOA BEANS,42780,42780,0,0,0,00010,2024-08
4XXX,EUROPE,00010,COCOA BEANS,111120,111120,1052,6526,6526,00010,2024-08
7XXX,AFRICA,00010,COCOA BEANS,10132041,10132041,0,1088946,1088946,00010,2024-08
0014,PACIFIC RIM COUNTRIES,00010,COCOA BEANS,1810860,1810860,0,254000,254000,00010,2024-08
5XXX,ASIA,00010,COCOA BEANS,0,0,0,0,0,00010,2024-08
0017,CAFTA-DR,00010,COCOA BEANS,16272336,16272336,963,1910268,1910268,00010,2024-08
6XXX,AUSTRALIA AND OCEANIA,00010,COCOA BEANS,1810860,1810860,0,254000,254000,00010,2024-08
0020,USMCA (NAFTA),00010,COCOA BEANS,42780,42780,0,0,0,00010,2024-08
0021,TWENTY LATIN AMERICAN REPUBLICS,00010,COCOA BEANS,65560592,65560592,6011,7445480,7445480,00010,2024-08
0022,OECD,00010,COCOA BEANS,153900,153900,1052,6526,6526,00010,2024-08
0023,NATO,00010,COCOA BEANS,79044,79044,1052,3954,3954,00010,2024-08
0024,LAFTA,00010,COCOA BEANS,49102897,49102897,5048,5509852,5509852,00010,2024-08
0025,EURO AREA,00010,COCOA BEANS,79044,79044,1052,3954,3954,00010,2024-08
0026,APEC,00010,COCOA BEANS,14731150,14731150,3859,1889302,1889302,00010,2024-08
0027,ASEAN,00010,COCOA BEANS,0,0,0,0,0,00010,2024-08
0028,CACM,00010,COCOA BEANS,4600,4600,963,0,0,00010,2024-08
2010,MEXICO,00010,COCOA BEANS,42780,42780,0,0,0,00010,2024-08
2050,GUATEMALA,00010,COCOA BEANS,0,0,0,0,0,00010,2024-08
2080,BELIZE,00010,COCOA BEANS,125235,125235,0,15340,15340,00010,2024-08
2110,EL SALVADOR,00010,COCOA BEANS,0,0,0,0,0,00010,2024-08
2150,HONDURAS,00010,COCOA BEANS,0,0,0,0,0,00010,2024-08
2190,NICARAGUA,00010,COCOA BEANS,0,0,0,0,0,00010,2024-08
2230,COSTA RICA,00010,COCOA BEANS,4600,4600,963,0,0,00010,2024-08
2450,HAITI,00010,COCOA BEANS,185359,185359,0,25360,25360,00010,2024-08
2470,DOMINICAN REPUBLIC,00010,COCOA BEANS,16267736,16267736,0,1910268,1910268,00010,2024-08
7830,TANZANIA,00010,COCOA BEANS,0,0,0,0,0,00010,2024-08
7880,MADAGASCAR,00010,COCOA BEANS,125614,125614,0,13244,13244,00010,2024-08
2XXX,CENTRAL AMERICA,00010,COCOA BEANS,16582930,16582930,963,1950968,1950968,00010,2024-08
3XXX,SOUTH AMERICA,00010,COCOA BEANS,49060117,49060117,5048,5509852,5509852,00010,2024-08
5330,INDIA,00010,COCOA BEANS,0,0,0,0,0,00010,2024-09
5490,THAILAND,00010,COCOA BEANS,0,0,0,0,0,00010,2024-09
5520,VIETNAM,00010,COCOA BEANS,0,0,0,0,0,00010,2024-09
5650,PHILIPPINES,00010,COCOA BEANS,0,0,0,0,0,00010,2024-09
6040,PAPUA NEW GUINEA,00010,COCOA BEANS,1170450,1170450,0,152400,152400,00010,2024-09
2740,TRINIDAD AND TOBAGO,00010,COCOA BEANS,0,0,0,0,0,00010,2024-09
3010,COLOMBIA,00010,COCOA BEANS,0,0,0,0,0,00010,2024-09
3070,VENEZUELA,00010,COCOA BEANS,0,0,0,0,0,00010,2024-09
3310,ECUADOR,00010,COCOA BEANS,36539823,36539823,4411,4484755,4484755,00010,2024-09
3330,PERU,00010,COCOA BEANS,14281326,14281326,4580,1615839,1615839,00010,2024-09
3350,BOLIVIA,00010,COCOA BEANS,0,0,0,0,0,00010,2024-09
3510,BRAZIL,00010,COCOA BEANS,0,0,0,0,0,00010,2024-09
4279,FRANCE,00010,COCOA BEANS,21168,21168,0,1550,1550,00010,2024-09
7480,COTE D'IVOIRE,00010,COCOA BEANS,2017798,2017798,0,455094,455094,00010,2024-09
7490,GHANA,00010,COCOA BEANS,171773,171773,0,34836,34836,00010,2024-09
7520,TOGO,00010,COCOA BEANS,0,0,0,0,0,00010,2024-09
7530,NIGERIA,00010,COCOA BEANS,1026720,1026720,0,107014,107014,00010,2024-09
7660,DEMOCRATIC REPUBLIC OF THE CONGO,00010,COCOA BEANS,0,0,0,0,0,00010,2024-09
7780,UGANDA,00010,COCOA BEANS,0,0,0,0,0,00010,2024-09
4419,SWITZERLAND,00010,COCOA BEANS,6830,6830,0,578,578,00010,2024-09
4700,SPAIN,00010,COCOA BEANS,2098,2098,0,60,60,00010,2024-09
4759,ITALY,00010,COCOA BEANS,32038,32038,2104,0,0,00010,2024-09
-,TOTAL FOR ALL COUNTRIES,00010,COCOA BEANS,76936605,76936605,11619,9395807,9395807,00010,2024-09
0003,EUROPEAN UNION,00010,COCOA BEANS,55304,55304,2104,1610,1610,00010,2024-09
1XXX,NORTH AMERICA,00010,COCOA BEANS,0,0,0,0,0,00010,2024-09
4XXX,EUROPE,00010,COCOA BEANS,62134,62134,2104,2188,2188,00010,2024-09
7XXX,AFRICA,00010,COCOA BEANS,3216291,3216291,0,596944,596944,00010,2024-09
0014,PACIFIC RIM COUNTRIES,00010,COCOA BEANS,1170450,1170450,0,152400,152400,00010,2024-09
5XXX,ASIA,00010,COCOA BEANS,0,0,0,0,0,00010,2024-09
0017,CAFTA-DR,00010,COCOA BEANS,21483108,21483108,524,2512267,2512267,00010,2024-09
6XXX,AUSTRALIA AND OCEANIA,00010,COCOA BEANS,1170450,1170450,0,152400,152400,00010,2024-09
0020,USMCA (NAFTA),00010,COCOA BEANS,0,0,0,0,0,00010,2024-09
0021,TWENTY LATIN AMERICAN REPUBLICS,00010,COCOA BEANS,72437817,72437817,9515,8638161,8638161,00010,2024-09
0022,OECD,00010,COCOA BEANS,62134,62134,2104,2188,2188,00010,2024-09
0023,NATO,00010,COCOA BEANS,55304,55304,2104,1610,1610,00010,2024-09
0024,LAFTA,00010,COCOA BEANS,50821149,50821149,8991,6100594,6100594,00010,2024-09
0025,EURO AREA,00010,COCOA BEANS,55304,55304,2104,1610,1610,00010,2024-09
0026,APEC,00010,COCOA BEANS,15451776,15451776,4580,1768239,1768239,00010,2024-09
0027,ASEAN,00010,COCOA BEANS,0,0,0,0,0,00010,2024-09
0028,CACM,00010,COCOA BEANS,79725,79725,524,12060,12060,00010,2024-09
2010,MEXICO,00010,COCOA BEANS,0,0,0,0,0,00010,2024-09
2050,GUATEMALA,00010,COCOA BEANS,0,0,0,0,0,00010,2024-09
2080,BELIZE,00010,COCOA BEANS,49913,49913,0,6114,6114,00010,2024-09
2110,EL SALVADOR,00010,COCOA BEANS,0,0,0,0,0,00010,2024-09
2150,HONDURAS,00010,COCOA BEANS,0,0,0,0,0,00010,2024-09
2190,NICARAGUA,00010,COCOA BEANS,75600,75600,0,12060,12060,00010,2024-09
2230,COSTA RICA,00010,COCOA BEANS,4125,4125,524,0,0,00010,2024-09
2450,HAITI,00010,COCOA BEANS,133560,133560,0,25300,25300,00010,2024-09
2470,DOMINICAN REPUBLIC,00010,COCOA BEANS,21403383,21403383,0,2500207,2500207,00010,2024-09
7830,TANZANIA,00010,COCOA BEANS,0,0,0,0,0,00010,2024-09
7880,MADAGASCAR,00010,COCOA BEANS,0,0,0,0,0,00010,2024-09
2XXX,CENTRAL AMERICA,00010,COCOA BEANS,21666581,21666581,524,2543681,2543681,00010,2024-09
3XXX,SOUTH AMERICA,00010,COCOA BEANS,50821149,50821149,8991,6100594,6100594,00010,2024-09
5330,INDIA,00010,COCOA BEANS,0,0,0,0,0,00010,2024-10
5490,THAILAND,00010,COCOA BEANS,6500,6500,0,1000,1000,00010,2024-10
5520,VIETNAM,00010,COCOA BEANS,0,0,0,0,0,00010,2024-10
5650,PHILIPPINES,00010,COCOA BEANS,0,0,0,0,0,00010,2024-10
6040,PAPUA NEW GUINEA,00010,COCOA BEANS,0,0,0,0,0,00010,2024-10
6224,VANUATU,00010,COCOA BEANS,87895,87895,0,12660,12660,00010,2024-10
2740,TRINIDAD AND TOBAGO,00010,COCOA BEANS,0,0,0,0,0,00010,2024-10
3010,COLOMBIA,00010,COCOA BEANS,4652,4652,0,317,317,00010,2024-10
3070,VENEZUELA,00010,COCOA BEANS,0,0,0,0,0,00010,2024-10
3310,ECUADOR,00010,COCOA BEANS,62593887,62593887,2642,7223959,7223959,00010,2024-10
3330,PERU,00010,COCOA BEANS,6257021,6257021,6500,669168,669168,00010,2024-10
3350,BOLIVIA,00010,COCOA BEANS,0,0,0,0,0,00010,2024-10
3510,BRAZIL,00010,COCOA BEANS,0,0,0,0,0,00010,2024-10
4279,FRANCE,00010,COCOA BEANS,24744,24744,0,1990,1990,00010,2024-10
7420,CAMEROON,00010,COCOA BEANS,2478,2478,600,0,0,00010,2024-10
7480,COTE D'IVOIRE,00010,COCOA BEANS,2102152,2102152,400,286242,286242,00010,2024-10
7490,GHANA,00010,COCOA BEANS,98265,98265,0,8874,8874,00010,2024-10
7520,TOGO,00010,COCOA BEANS,0,0,0,0,0,00010,2024-10
7530,NIGERIA,00010,COCOA BEANS,0,0,0,0,0,00010,2024-10
7660,DEMOCRATIC REPUBLIC OF THE CONGO,00010,COCOA BEANS,0,0,0,0,0,00010,2024-10
7780,UGANDA,00010,COCOA BEANS,0,0,0,0,0,00010,2024-10
4419,SWITZERLAND,00010,COCOA BEANS,781133,781133,0,40068,40068,00010,2024-10
4700,SPAIN,00010,COCOA BEANS,3624,3624,0,105,105,00010,2024-10
4759,ITALY,00010,COCOA BEANS,7744,7744,526,0,0,00010,2024-10
-,TOTAL FOR ALL COUNTRIES,00010,COCOA BEANS,79526943,79526943,11489,9149537,9149537,00010,2024-10
0003,EUROPEAN UNION,00010,COCOA BEANS,36112,36112,526,2095,2095,00010,2024-10
1XXX,NORTH AMERICA,00010,COCOA BEANS,63140,63140,0,0,0,00010,2024-10
4XXX,EUROPE,00010,COCOA BEANS,817245,817245,526,42163,42163,00010,2024-10
7XXX,AFRICA,00010,COCOA BEANS,2202895,2202895,1000,295116,295116,00010,2024-10
0014,PACIFIC RIM COUNTRIES,00010,COCOA BEANS,0,0,0,0,0,00010,2024-10
5XXX,ASIA,00010,COCOA BEANS,6500,6500,0,1000,1000,00010,2024-10
0017,CAFTA-DR,00010,COCOA BEANS,7493708,7493708,821,905154,905154,00010,2024-10
6XXX,AUSTRALIA AND OCEANIA,00010,COCOA BEANS,87895,87895,0,12660,12660,00010,2024-10
0020,USMCA (NAFTA),00010,COCOA BEANS,63140,63140,0,0,0,00010,2024-10
0021,TWENTY LATIN AMERICAN REPUBLICS,00010,COCOA BEANS,76412408,76412408,9963,8798598,8798598,00010,2024-10
0022,OECD,00010,COCOA BEANS,880385,880385,526,42163,42163,00010,2024-10
0023,NATO,00010,COCOA BEANS,36112,36112,526,2095,2095,00010,2024-10
0024,LAFTA,00010,COCOA BEANS,68918700,68918700,9142,7893444,7893444,00010,2024-10
0025,EURO AREA,00010,COCOA BEANS,36112,36112,526,2095,2095,00010,2024-10
0026,APEC,00010,COCOA BEANS,6326661,6326661,6500,670168,670168,00010,2024-10
0027,ASEAN,00010,COCOA BEANS,6500,6500,0,1000,1000,00010,2024-10
0028,CACM,00010,COCOA BEANS,66088,66088,0,7602,7602,00010,2024-10
2010,MEXICO,00010,COCOA BEANS,63140,63140,0,0,0,00010,2024-10
2050,GUATEMALA,00010,COCOA BEANS,0,0,0,0,0,00010,2024-10
2080,BELIZE,00010,COCOA BEANS,0,0,0,0,0,00010,2024-10
2110,EL SALVADOR,00010,COCOA BEANS,0,0,0,0,0,00010,2024-10
2150,HONDURAS,00010,COCOA BEANS,0,0,0,0,0,00010,2024-10
2190,NICARAGUA,00010,COCOA BEANS,59050,59050,0,6836,6836,00010,2024-10
2230,COSTA RICA,00010,COCOA BEANS,7038,7038,0,766,766,00010,2024-10
2450,HAITI,00010,COCOA BEANS,0,0,0,0,0,00010,2024-10
2470,DOMINICAN REPUBLIC,00010,COCOA BEANS,7427620,7427620,821,897552,897552,00010,2024-10
7830,TANZANIA,00010,COCOA BEANS,0,0,0,0,0,00010,2024-10
7880,MADAGASCAR,00010,COCOA BEANS,0,0,0,0,0,00010,2024-10
2XXX,CENTRAL AMERICA,00010,COCOA BEANS,7493708,7493708,821,905154,905154,00010,2024-10
3XXX,SOUTH AMERICA,00010,COCOA BEANS,68855560,68855560,9142,7893444,7893444,00010,2024-10
5330,INDIA,00010,COCOA BEANS,0,0,0,0,0,00010,2024-11
5490,THAILAND,00010,COCOA BEANS,0,0,0,0,0,00010,2024-11
5520,VIETNAM,00010,COCOA BEANS,0,0,0,0,0,00010,2024-11
5650,PHILIPPINES,00010,COCOA BEANS,54000,54000,0,9036,9036,00010,2024-11
6040,PAPUA NEW GUINEA,00010,COCOA BEANS,1654530,1654530,0,274320,274320,00010,2024-11
6224,VANUATU,00010,COCOA BEANS,0,0,0,0,0,00010,2024-11
2740,TRINIDAD AND TOBAGO,00010,COCOA BEANS,0,0,0,0,0,00010,2024-11
3010,COLOMBIA,00010,COCOA BEANS,159763,159763,0,25334,25334,00010,2024-11
3070,VENEZUELA,00010,COCOA BEANS,0,0,0,0,0,00010,2024-11
3310,ECUADOR,00010,COCOA BEANS,53060426,53060426,8343,7122072,7122072,00010,2024-11
3330,PERU,00010,COCOA BEANS,9047546,9047546,0,1081277,1081277,00010,2024-11
3350,BOLIVIA,00010,COCOA BEANS,0,0,0,0,0,00010,2024-11
3510,BRAZIL,00010,COCOA BEANS,29963,29963,2703,0,0,00010,2024-11
4279,FRANCE,00010,COCOA BEANS,23810,23810,0,1974,1974,00010,2024-11
7420,CAMEROON,00010,COCOA BEANS,0,0,0,0,0,00010,2024-11
7480,COTE D'IVOIRE,00010,COCOA BEANS,1423158,1423158,0,176981,176981,00010,2024-11
7490,GHANA,00010,COCOA BEANS,238262,238262,0,22671,22671,00010,2024-11
7520,TOGO,00010,COCOA BEANS,0,0,0,0,0,00010,2024-11
7530,NIGERIA,00010,COCOA BEANS,6266471,6266471,0,830060,830060,00010,2024-11
7660,DEMOCRATIC REPUBLIC OF THE CONGO,00010,COCOA BEANS,0,0,0,0,0,00010,2024-11
7780,UGANDA,00010,COCOA BEANS,0,0,0,0,0,00010,2024-11
4419,SWITZERLAND,00010,COCOA BEANS,0,0,0,0,0,00010,2024-11
4700,SPAIN,00010,COCOA BEANS,0,0,0,0,0,00010,2024-11
4759,ITALY,00010,COCOA BEANS,0,0,0,0,0,00010,2024-11
-,TOTAL FOR ALL COUNTRIES,00010,COCOA BEANS,79166938,79166938,11046,10598723,10598723,00010,2024-11
0003,EUROPEAN UNION,00010,COCOA BEANS,23810,23810,0,1974,1974,00010,2024-11
1XXX,NORTH AMERICA,00010,COCOA BEANS,0,0,0,0,0,00010,2024-11
4XXX,EUROPE,00010,COCOA BEANS,23810,23810,0,1974,1974,00010,2024-11
7XXX,AFRICA,00010,COCOA BEANS,7927891,7927891,0,1029712,1029712,00010,2024-11
0014,PACIFIC RIM COUNTRIES,00010,COCOA BEANS,1708530,1708530,0,283356,283356,00010,2024-11
5XXX,ASIA,00010,COCOA BEANS,54000,54000,0,9036,9036,00010,2024-11
0017,CAFTA-DR,00010,COCOA BEANS,7178484,7178484,0,1051298,1051298,00010,2024-11
6XXX,AUSTRALIA AND OCEANIA,00010,COCOA BEANS,1654530,1654530,0,274320,274320,00010,2024-11
0020,USMCA (NAFTA),00010,COCOA BEANS,0,0,0,0,0,00010,2024-11
0021,TWENTY LATIN AMERICAN REPUBLICS,00010,COCOA BEANS,69476182,69476182,11046,9279981,9279981,00010,2024-11
0022,OECD,00010,COCOA BEANS,23810,23810,0,1974,1974,00010,2024-11
0023,NATO,00010,COCOA BEANS,23810,23810,0,1974,1974,00010,2024-11
0024,LAFTA,00010,COCOA BEANS,62297698,62297698,11046,8228683,8228683,00010,2024-11
0025,EURO AREA,00010,COCOA BEANS,23810,23810,0,1974,1974,00010,2024-11
0026,APEC,00010,COCOA BEANS,10756076,10756076,0,1364633,1364633,00010,2024-11
0027,ASEAN,00010,COCOA BEANS,54000,54000,0,9036,9036,00010,2024-11
0028,CACM,00010,COCOA BEANS,0,0,0,0,0,00010,2024-11
2010,MEXICO,00010,COCOA BEANS,0,0,0,0,0,00010,2024-11
2050,GUATEMALA,00010,COCOA BEANS,0,0,0,0,0,00010,2024-11
2080,BELIZE,00010,COCOA BEANS,30525,30525,0,3700,3700,00010,2024-11
2110,EL SALVADOR,00010,COCOA BEANS,0,0,0,0,0,00010,2024-11
2150,HONDURAS,00010,COCOA BEANS,0,0,0,0,0,00010,2024-11
2190,NICARAGUA,00010,COCOA BEANS,0,0,0,0,0,00010,2024-11
2230,COSTA RICA,00010,COCOA BEANS,0,0,0,0,0,00010,2024-11
2450,HAITI,00010,COCOA BEANS,0,0,0,0,0,00010,2024-11
2470,DOMINICAN REPUBLIC,00010,COCOA BEANS,7178484,7178484,0,1051298,1051298,00010,2024-11
7830,TANZANIA,00010,COCOA BEANS,0,0,0,0,0,00010,2024-11
7880,MADAGASCAR,00010,COCOA BEANS,0,0,0,0,0,00010,2024-11
2XXX,CENTRAL AMERICA,00010,COCOA BEANS,7209009,7209009,0,1054998,1054998,00010,2024-11
3XXX,SOUTH AMERICA,00010,COCOA BEANS,62297698,62297698,11046,8228683,8228683,00010,2024-11
5330,INDIA,00010,COCOA BEANS,0,0,0,0,0,00010,2024-12
5490,THAILAND,00010,COCOA BEANS,0,0,0,0,0,00010,2024-12
5520,VIETNAM,00010,COCOA BEANS,0,0,0,0,0,00010,2024-12
5650,PHILIPPINES,00010,COCOA BEANS,0,0,0,0,0,00010,2024-12
6040,PAPUA NEW GUINEA,00010,COCOA BEANS,0,0,0,0,0,00010,2024-12
6150,SAMOA,00010,COCOA BEANS,2652,2652,0,171,171,00010,2024-12
6224,VANUATU,00010,COCOA BEANS,0,0,0,0,0,00010,2024-12
2740,TRINIDAD AND TOBAGO,00010,COCOA BEANS,0,0,0,0,0,00010,2024-12
3010,COLOMBIA,00010,COCOA BEANS,60282,60282,1196,2116,2116,00010,2024-12
3070,VENEZUELA,00010,COCOA BEANS,0,0,0,0,0,00010,2024-12
3310,ECUADOR,00010,COCOA BEANS,74149892,74149892,3992,8942705,8942705,00010,2024-12
3330,PERU,00010,COCOA BEANS,3557121,3557121,0,340384,340384,00010,2024-12
3350,BOLIVIA,00010,COCOA BEANS,0,0,0,0,0,00010,2024-12
3510,BRAZIL,00010,COCOA BEANS,0,0,0,0,0,00010,2024-12
4279,FRANCE,00010,COCOA BEANS,43379,43379,0,3500,3500,00010,2024-12
7420,CAMEROON,00010,COCOA BEANS,0,0,0,0,0,00010,2024-12
7480,COTE D'IVOIRE,00010,COCOA BEANS,10533914,10533914,0,1516980,1516980,00010,2024-12
7490,GHANA,00010,COCOA BEANS,14465022,14465022,0,2819916,2819916,00010,2024-12
7520,TOGO,00010,COCOA BEANS,0,0,0,0,0,00010,2024-12
7530,NIGERIA,00010,COCOA BEANS,0,0,0,0,0,00010,2024-12
7660,DEMOCRATIC REPUBLIC OF THE CONGO,00010,COCOA BEANS,552618,552618,0,47729,47729,00010,2024-12
7780,UGANDA,00010,COCOA BEANS,0,0,0,0,0,00010,2024-12
4419,SWITZERLAND,00010,COCOA BEANS,43799,43799,0,3418,3418,00010,2024-12
4700,SPAIN,00010,COCOA BEANS,0,0,0,0,0,00010,2024-12
4759,ITALY,00010,COCOA BEANS,22437,22437,0,1578,1578,00010,2024-12
-,TOTAL FOR ALL COUNTRIES,00010,COCOA BEANS,111799198,111799198,5398,14790722,14790722,00010,2024-12
0003,EUROPEAN UNION,00010,COCOA BEANS,65816,65816,0,5078,5078,00010,2024-12
1XXX,NORTH AMERICA,00010,COCOA BEANS,3050,3050,0,0,0,00010,2024-12
4XXX,EUROPE,00010,COCOA BEANS,109615,109615,0,8496,8496,00010,2024-12
7XXX,AFRICA,00010,COCOA BEANS,25799803,25799803,210,4410670,4410670,00010,2024-12
0014,PACIFIC RIM COUNTRIES,00010,COCOA BEANS,0,0,0,0,0,00010,2024-12
5XXX,ASIA,00010,COCOA BEANS,0,0,0,0,0,00010,2024-12
0017,CAFTA-DR,00010,COCOA BEANS,8116783,8116783,0,1086180,1086180,00010,2024-12
6XXX,AUSTRALIA AND OCEANIA,00010,COCOA BEANS,2652,2652,0,171,171,00010,2024-12
0020,USMCA (NAFTA),00010,COCOA BEANS,3050,3050,0,0,0,00010,2024-12
0021,TWENTY LATIN AMERICAN REPUBLICS,00010,COCOA BEANS,85887128,85887128,5188,10371385,10371385,00010,2024-12
0022,OECD,00010,COCOA BEANS,112665,112665,0,8496,8496,00010,2024-12
0023,NATO,00010,COCOA BEANS,65816,65816,0,5078,5078,00010,2024-12
0024,LAFTA,00010,COCOA BEANS,77770345,77770345,5188,9285205,9285205,00010,2024-12
0025,EURO AREA,00010,COCOA BEANS,65816,65816,0,5078,5078,00010,2024-12
0026,APEC,00010,COCOA BEANS,3560171,3560171,0,340384,340384,00010,2024-12
0027,ASEAN,00010,COCOA BEANS,0,0,0,0,0,00010,2024-12
0028,CACM,00010,COCOA BEANS,0,0,0,0,0,00010,2024-12
2010,MEXICO,00010,COCOA BEANS,3050,3050,0,0,0,00010,2024-12
2050,GUATEMALA,00010,COCOA BEANS,0,0,0,0,0,00010,2024-12
2080,BELIZE,00010,COCOA BEANS,0,0,0,0,0,00010,2024-12
2110,EL SALVADOR,00010,COCOA BEANS,0,0,0,0,0,00010,2024-12
2150,HONDURAS,00010,COCOA BEANS,0,0,0,0,0,00010,2024-12
2190,NICARAGUA,00010,COCOA BEANS,0,0,0,0,0,00010,2024-12
2230,COSTA RICA,00010,COCOA BEANS,0,0,0,0,0,00010,2024-12
2450,HAITI,00010,COCOA BEANS,0,0,0,0,0,00010,2024-12
2470,DOMINICAN REPUBLIC,00010,COCOA BEANS,8116783,8116783,0,1086180,1086180,00010,2024-12
7830,TANZANIA,00010,COCOA BEANS,105958,105958,0,12826,12826,00010,2024-12
7880,MADAGASCAR,00010,COCOA BEANS,142291,142291,210,13219,13219,00010,2024-12
2XXX,CENTRAL AMERICA,00010,COCOA BEANS,8116783,8116783,0,1086180,1086180,00010,2024-12
3XXX,SOUTH AMERICA,00010,COCOA BEANS,77767295,77767295,5188,9285205,9285205,00010,2024-12
